1,2,2,2,2,2,3,3,3,3,3,3,3,3,3,3,3,3,3,3,3,3,3,3,3,3,3,3,3,3,3,3,3,3,3,3,3,3,3,3,3,3,3,3,3,3,3,3,3,3,3
0,0,0,0,0,0,1,1,2,2,2,2,3,3,3,3,4,4,4,4,5,5,5,6,6,6,6,7,7,7,7,8,8,8,8,9,9,9,9,10,10,10,11,11,11,12,12,12,13,13,13
0,0,0,0,0,0,1,2,2,3,4,1,2,3,4,1,2,3,4,1,2,3,1,2,3,4,1,2,3,4,1,2,3,4,1,2,3,4,1,2,3,1,2,3,1,2,3,1,2,3,1
date,Order,Sales,Inquiry(Mail),Inquiry(Tel),Inquiry(Visit),TV_cost,TV_GRP,YouTube_GooglePreferred_IMP,YouTube_GooglePreferred_Click,YouTube_GooglePreferred_View,YouTube_GooglePreferred_Cost,YouTube_BumperAds_IMP,YouTube_BumperAds_Click,YouTube_BumperAds_View,YouTube_BumperAds_Cost,FBIG_LinkAD_IMP,FBIG_LinkAD_Click,FBIG_LinkAD_View,FBIG_LinkAD_Cost,TW_WebSite_card_IMP,TW_WebSite_card_Click,TW_WebSite_card_Cost,YouTube_Trueview_IMP,YouTube_Trueview_Click,YouTube_Trueview_View,YouTube_Trueview_Cost,TrueView_Movie_IMP,TrueView_Movie_Click,TrueView_Movie_View,TrueView_Movie_Cost,LINE_ADS_Platform_Movie_IMP,LINE_ADS_Platform_Movie_Click,LINE_ADS_Platform_Movie_View,LINE_ADS_Platform_Movie_Cost,Twitter_Movie_IMP,Twitter_Movie_Click,Twitter_Movie_View,Twitter_Movie_Cost,Twitter_Pic_Intkey_IMP,Twitter_Pic_Intkey_Click,Twitter_Pic_Intkey_Cost,Twitter_Pic_handle_IMP,Twitter_Pic_handle_Click,Twitter_Pic_handle_Cost,Facebook_Pic_IMP,Facebook_Pic_Click,Facebook_Pic_Cost,Instagram_Pic_IMP,Instagram_Pic_Click,Instagram_Pic_Cost
date,Order,Sales,Inquiry(Mail),Inquiry(Tel),Inquiry(Visit),TV_cost,TV_GRP,YouTube_GooglePreferred_IMP,YouTube_GooglePreferred_Click,YouTube_GooglePreferred_View,YouTube_GooglePreferred_Cost,YouTube_BumperAds_IMP,YouTube_BumperAds_Click,YouTube_BumperAds_View,YouTube_BumperAds_Cost,FBIG_LinkAD_IMP,FBIG_LinkAD_Click,FBIG_LinkAD_View,FBIG_LinkAD_Cost,TW_WebSite_card_IMP,TW_WebSite_card_Click,TW_WebSite_card_Cost,YouTube_Trueview_IMP,YouTube_Trueview_Click,YouTube_Trueview_View,YouTube_Trueview_Cost,TrueView_Movie_IMP,TrueView_Movie_Click,TrueView_Movie_View,TrueView_Movie_Cost,LINE_ADS_Platform_Movie_IMP,LINE_ADS_Platform_Movie_Click,LINE_ADS_Platform_Movie_View,LINE_ADS_Platform_Movie_Cost,Twitter_Movie_IMP,Twitter_Movie_Click,Twitter_Movie_View,Twitter_Movie_Cost,Twitter_Pic_Intkey_IMP,Twitter_Pic_Intkey_Click,Twitter_Pic_Intkey_Cost,Twitter_Pic_handle_IMP,Twitter_Pic_handle_Click,Twitter_Pic_handle_Cost,Facebook_Pic_IMP,Facebook_Pic_Click,Facebook_Pic_Cost,Instagram_Pic_IMP,Instagram_Pic_Click,Instagram_Pic_Cost
20170403,12754,15304552,10,152,8,0,7,4,0,0,0,0,0,0,0,0,3,0,0,0,0,0,0,0,0,0,0,3,0,0,0,0,0,0,0,0,0,0,0,0,0,0,0,0,0,0,0,0,0,0
20170404,21726,26070742,18,187,116,0,12,5,0,0,0,0,0,0,0,0,6,0,0,0,0,0,0,0,0,0,0,5,0,0,0,0,0,0,0,0,0,0,0,0,0,0,0,0,0,0,0,0,0,0
20170405,21276,25531014,23,167,140,0,14,4,0,0,0,0,0,0,0,0,9,0,0,0,0,0,0,0,0,0,0,7,0,0,0,0,0,0,0,0,0,0,0,0,0,0,0,0,0,0,0,0,0,0
20170406,31745,38094266,33,54,44,0,20,3,0,0,0,0,0,0,0,0,13,0,0,0,0,0,0,0,0,0,0,9,0,0,0,0,0,0,0,0,0,0,0,0,0,0,0,0,0,0,0,0,0,0
20170407,77034,92440252,38,698,293,0,22,5,0,0,0,0,0,0,0,0,16,0,0,0,0,0,0,0,0,0,0,10,0,0,0,0,0,0,0,0,0,0,0,0,0,0,0,0,0,0,0,0,0,0
20170408,41800,50159540,45,326,197,0,27,7,0,0,0,0,0,0,0,0,18,0,0,0,0,0,0,0,0,0,0,13,0,0,0,0,0,0,0,0,0,0,0,0,0,0,0,0,0,0,0,0,0,0
20170409,2514,3017094,53,5,4,0,32,5,0,0,0,0,0,0,0,0,22,0,0,0,0,0,0,0,0,0,0,15,0,0,0,0,0,0,0,0,0,0,0,0,0,0,0,0,0,0,0,0,0,0
20170410,29711,35653668,58,240,237,0,34,8,0,0,0,0,0,0,0,0,24,0,0,0,0,0,0,0,0,0,0,17,0,0,0,0,0,0,0,0,0,0,0,0,0,0,0,0,0,0,0,0,0,0
20170411,70611,84732834,64,68,37,0,37,8,0,0,0,0,0,0,0,0,27,0,0,0,0,0,0,0,0,0,0,18,0,0,0,0,0,0,0,0,0,0,0,0,0,0,0,0,0,0,0,0,0,0
20170412,28639,34366456,73,66,1,0,43,8,0,0,0,0,0,0,0,0,31,0,0,0,0,0,0,0,0,0,0,21,0,0,0,0,0,0,0,0,0,0,0,0,0,0,0,0,0,0,0,0,0,0
20170413,15501,18601412,80,32,16,0,46,7,0,0,0,0,0,0,0,0,34,0,0,0,0,0,0,0,0,0,0,22,0,0,0,0,0,0,0,0,0,0,0,0,0,0,0,0,0,0,0,0,0,0
20170414,30010,36011872,88,214,192,16100000,51,11,0,0,0,0,0,0,0,0,37,0,0,0,0,0,0,0,0,0,0,25,0,0,0,0,0,0,0,0,0,0,0,0,0,0,0,0,0,0,0,0,0,0
20170415,23727,28472084,92,201,61,16100000,53,11,0,0,0,0,0,0,0,0,40,0,0,0,0,0,0,0,0,0,0,26,0,0,0,0,0,0,0,0,0,0,0,0,0,0,0,0,0,0,0,0,0,0
20170416,6087,7304130,101,62,15,16100000,57,11,0,0,0,0,0,0,0,0,43,0,0,0,0,0,0,0,0,0,0,29,0,0,0,0,0,0,0,0,0,0,0,0,0,0,0,0,0,0,0,0,0,0
20170417,27339,32807156,109,135,93,16100000,63,11,0,0,0,0,0,0,0,0,46,0,0,0,0,0,0,0,0,0,0,31,0,0,0,0,0,0,0,0,0,0,0,0,0,0,0,0,0,0,0,0,0,0
20170418,43944,52732754,114,116,62,16100000,65,13,0,0,0,0,0,0,0,0,49,0,0,0,0,0,0,0,0,0,0,32,0,0,0,0,0,0,0,0,0,0,0,0,0,0,0,0,0,0,0,0,0,0
20170419,34121,40944992,123,49,25,16100000,70,13,0,0,0,0,0,0,0,0,52,0,0,0,0,0,0,0,0,0,0,35,0,0,0,0,0,0,0,0,0,0,0,0,0,0,0,0,0,0,0,0,0,0
20170420,17856,21426884,129,178,67,16100000,73,13,0,0,0,0,0,0,0,0,55,0,0,0,0,0,0,0,0,0,0,37,0,0,0,0,0,0,0,0,0,0,0,0,0,0,0,0,0,0,0,0,0,0
20170421,33980,40775470,134,185,104,16100000,77,12,0,0,0,0,0,0,0,0,57,0,0,0,0,0,0,0,0,0,0,38,0,0,0,0,0,0,0,0,0,0,0,0,0,0,0,0,0,0,0,0,0,0
20170422,25627,30752860,141,167,85,16100000,81,13,0,0,0,0,0,0,0,0,61,0,0,0,0,0,0,0,0,0,0,40,0,0,0,0,0,0,0,0,0,0,0,0,0,0,0,0,0,0,0,0,0,0
20170423,3920,4703944,148,1,0,16100000,85,14,0,0,0,0,0,0,0,0,64,0,0,0,0,0,0,0,0,0,0,42,0,0,0,0,0,0,0,0,0,0,0,0,0,0,0,0,0,0,0,0,0,0
20170424,29941,35928700,158,186,59,0,92,14,0,0,0,0,0,0,0,0,66,0,0,0,0,0,0,0,0,0,0,45,0,0,0,0,0,0,0,0,0,0,0,0,0,0,0,0,0,0,0,0,0,0
20170425,28925,34709762,165,234,203,0,95,18,0,0,0,0,0,0,0,0,70,0,0,0,0,0,0,0,0,0,0,47,0,0,0,0,0,0,0,0,0,0,0,0,0,0,0,0,0,0,0,0,0,0
20170426,36558,43869094,169,112,96,0,98,16,0,0,0,0,0,0,0,0,73,0,0,0,0,0,0,0,0,0,0,48,0,0,0,0,0,0,0,0,0,0,0,0,0,0,0,0,0,0,0,0,0,0
20170427,28208,33850146,178,220,88,0,102,15,0,0,0,0,0,0,0,0,75,0,0,0,0,0,0,0,0,0,0,51,0,0,0,0,0,0,0,0,0,0,0,0,0,0,0,0,0,0,0,0,0,0
20170428,47425,56910568,183,454,174,0,105,17,0,0,0,0,0,0,0,0,78,0,0,0,0,0,0,0,0,0,0,52,0,0,0,0,0,0,0,0,0,0,0,0,0,0,0,0,0,0,0,0,0,0
20170429,52707,63248862,191,591,546,0,109,20,0,0,0,0,0,0,0,0,81,0,0,0,0,0,0,0,0,0,0,54,0,0,0,0,0,0,0,0,0,0,0,0,0,0,0,0,0,0,0,0,0,0
20170430,10031,12037462,199,71,23,0,115,19,0,0,0,0,0,0,0,0,84,0,0,0,0,0,0,0,0,0,0,57,0,0,0,0,0,0,0,0,0,0,0,0,0,0,0,0,0,0,0,0,0,0
20170501,24110,28932444,205,31,19,0,118,19,0,0,0,0,0,0,0,0,88,0,0,0,0,0,0,0,0,0,0,59,0,0,0,0,0,0,0,0,0,0,0,0,0,0,0,0,0,0,0,0,0,0
20170502,29429,35314780,212,34,25,0,122,19,0,0,0,0,0,0,0,0,91,0,0,0,0,0,0,0,0,0,0,60,0,0,0,0,0,0,0,0,0,0,0,0,0,0,0,0,0,0,0,0,0,0
20170503,23828,28593718,219,15,2,0,127,22,0,0,0,0,0,0,0,0,93,0,0,0,0,0,0,0,0,0,0,63,0,0,0,0,0,0,0,0,0,0,0,0,0,0,0,0,0,0,0,0,0,0
20170504,30074,36089174,227,279,272,0,131,23,0,0,0,0,0,0,0,0,97,0,0,0,0,0,0,0,0,0,0,65,0,0,0,0,0,0,0,0,0,0,0,0,0,0,0,0,0,0,0,0,0,0
20170505,15826,18990892,235,85,0,0,136,21,0,0,0,0,0,0,0,0,100,0,0,0,0,0,0,0,0,0,0,67,0,0,0,0,0,0,0,0,0,0,0,0,0,0,0,0,0,0,0,0,0,0
20170506,27694,33233018,239,153,8,0,137,22,0,0,0,0,0,0,0,0,102,0,0,0,0,0,0,0,0,0,0,68,0,0,0,0,0,0,0,0,0,0,0,0,0,0,0,0,0,0,0,0,0,0
20170507,4746,5695002,248,23,16,0,144,23,0,0,0,0,0,0,0,0,106,0,0,0,0,0,0,0,0,0,0,71,0,0,0,0,0,0,0,0,0,0,0,0,0,0,0,0,0,0,0,0,0,0
20170508,20001,24001488,254,176,23,0,144,22,0,0,0,0,0,0,0,0,109,0,0,0,0,0,0,0,0,0,0,72,0,0,0,0,0,0,0,0,0,0,0,0,0,0,0,0,0,0,0,0,0,0
20170509,24218,29061244,261,118,38,0,149,25,0,0,0,0,0,0,0,0,111,0,0,0,0,0,0,0,0,0,0,74,0,0,0,0,0,0,0,0,0,0,0,0,0,0,0,0,0,0,0,0,0,0
20170510,18632,22358800,267,135,98,0,153,25,0,0,0,0,0,0,0,0,115,0,0,0,0,0,0,0,0,0,0,76,0,0,0,0,0,0,0,0,0,0,0,0,0,0,0,0,0,0,0,0,0,0
20170511,14974,17968378,276,40,17,0,159,24,0,0,0,0,0,0,0,0,117,0,0,0,0,0,0,0,0,0,0,79,0,0,0,0,0,0,0,0,0,0,0,0,0,0,0,0,0,0,0,0,0,0
20170512,19922,23906294,283,91,24,0,162,24,0,0,0,0,0,0,0,0,120,0,0,0,0,0,0,0,0,0,0,81,0,0,0,0,0,0,0,0,0,0,0,0,0,0,0,0,0,0,0,0,0,0
20170513,20980,25176526,291,56,41,0,167,25,0,0,0,0,0,0,0,0,124,0,0,0,0,0,0,0,0,0,0,83,0,0,0,0,0,0,0,0,0,0,0,0,0,0,0,0,0,0,0,0,0,0
20170514,3290,3948570,298,39,34,0,171,26,0,0,0,0,0,0,0,0,127,0,0,0,0,0,0,0,0,0,0,85,0,0,0,0,0,0,0,0,0,0,0,0,0,0,0,0,0,0,0,0,0,0
20170515,20689,24826786,302,87,31,0,173,28,0,0,0,0,0,0,0,0,129,0,0,0,0,0,0,0,0,0,0,86,0,0,0,0,0,0,0,0,0,0,0,0,0,0,0,0,0,0,0,0,0,0
20170516,16396,19675214,309,196,170,0,177,28,0,0,0,0,0,0,0,0,132,0,0,0,0,0,0,0,0,0,0,88,0,0,0,0,0,0,0,0,0,0,0,0,0,0,0,0,0,0,0,0,0,0
20170517,22438,26925752,317,148,8,0,182,29,0,0,0,0,0,0,0,0,135,0,0,0,0,0,0,0,0,0,0,90,0,0,0,0,0,0,0,0,0,0,0,0,0,0,0,0,0,0,0,0,0,0
20170518,22804,27365020,323,219,175,0,185,29,0,0,0,0,0,0,0,0,138,0,0,0,0,0,0,0,0,0,0,92,0,0,0,0,0,0,0,0,0,0,0,0,0,0,0,0,0,0,0,0,0,0
20170519,26832,32198864,331,214,30,0,190,28,0,0,0,0,0,0,0,0,142,0,0,0,0,0,0,0,0,0,0,95,0,0,0,0,0,0,0,0,0,0,0,0,0,0,0,0,0,0,0,0,0,0
20170520,26278,31533786,338,95,30,0,193,30,0,0,0,0,0,0,0,0,145,0,0,0,0,0,0,0,0,0,0,96,0,0,0,0,0,0,0,0,0,0,0,0,0,0,0,0,0,0,0,0,0,0
20170521,5001,6001348,346,40,33,0,199,32,0,0,0,0,0,0,0,0,147,0,0,0,0,0,0,0,0,0,0,99,0,0,0,0,0,0,0,0,0,0,0,0,0,0,0,0,0,0,0,0,0,0
20170522,26250,31499538,352,49,38,0,202,32,0,0,0,0,0,0,0,0,150,0,0,0,0,0,0,0,0,0,0,101,0,0,0,0,0,0,0,0,0,0,0,0,0,0,0,0,0,0,0,0,0,0
20170523,38391,46069278,360,167,68,0,206,31,0,0,0,0,0,0,0,0,153,0,0,0,0,0,0,0,0,0,0,103,0,0,0,0,0,0,0,0,0,0,0,0,0,0,0,0,0,0,0,0,0,0
20170524,39285,47142376,367,320,189,0,211,35,0,0,0,0,0,0,0,0,157,0,0,0,0,0,0,0,0,0,0,105,0,0,0,0,0,0,0,0,0,0,0,0,0,0,0,0,0,0,0,0,0,0
20170525,24836,29803664,373,253,108,0,214,33,0,0,0,0,0,0,0,0,160,0,0,0,0,0,0,0,0,0,0,107,0,0,0,0,0,0,0,0,0,0,0,0,0,0,0,0,0,0,0,0,0,0
20170526,29375,35249410,379,244,108,0,218,34,0,0,0,0,0,0,0,0,162,0,0,0,0,0,0,0,0,0,0,109,0,0,0,0,0,0,0,0,0,0,0,0,0,0,0,0,0,0,0,0,0,0
20170527,29789,35746552,389,354,280,0,224,36,0,0,0,0,0,0,0,0,166,0,0,0,0,0,0,0,0,0,0,111,0,0,0,0,0,0,0,0,0,0,0,0,0,0,0,0,0,0,0,0,0,0
20170528,4230,5076396,394,35,1,0,226,35,0,0,0,0,0,0,0,0,168,0,0,0,0,0,0,0,0,0,0,113,0,0,0,0,0,0,0,0,0,0,0,0,0,0,0,0,0,0,0,0,0,0
20170529,29127,34952156,401,181,157,0,229,38,0,0,0,0,0,0,0,0,172,0,0,0,0,0,0,0,0,0,0,114,0,0,0,0,0,0,0,0,0,0,0,0,0,0,0,0,0,0,0,0,0,0
20170530,20797,24955814,408,53,48,0,235,37,0,0,0,0,0,0,0,0,174,0,0,0,0,0,0,0,0,0,0,117,0,0,0,0,0,0,0,0,0,0,0,0,0,0,0,0,0,0,0,0,0,0
20170531,30764,36916274,417,211,199,0,239,39,0,0,0,0,0,0,0,0,178,0,0,0,0,0,0,0,0,0,0,119,0,0,0,0,0,0,0,0,0,0,0,0,0,0,0,0,0,0,0,0,0,0
20170601,20976,25170968,422,97,90,0,242,39,0,0,0,0,0,0,0,0,180,0,0,0,0,0,0,0,0,0,0,121,0,0,0,0,0,0,0,0,0,0,0,0,0,0,0,0,0,0,0,0,0,0
20170602,30876,37051450,430,85,80,0,247,39,0,0,0,0,0,0,0,0,184,0,0,0,0,0,0,0,0,0,0,123,0,0,0,0,0,0,0,0,0,0,0,0,0,0,0,0,0,0,0,0,0,0
20170603,28259,33910734,437,299,37,0,252,38,0,0,0,0,0,0,0,0,187,0,0,0,0,0,0,0,0,0,0,125,0,0,0,0,0,0,0,0,0,0,0,0,0,0,0,0,0,0,0,0,0,0
20170604,3093,3712126,443,12,0,0,255,41,0,0,0,0,0,0,0,0,189,0,0,0,0,0,0,0,0,0,0,127,0,0,0,0,0,0,0,0,0,0,0,0,0,0,0,0,0,0,0,0,0,0
20170605,26334,31600298,451,240,86,0,258,42,0,0,0,0,0,0,0,0,193,0,0,0,0,0,0,0,0,0,0,129,0,0,0,0,0,0,0,0,0,0,0,0,0,0,0,0,0,0,0,0,0,0
20170606,25190,30228306,457,153,116,0,261,42,0,0,0,0,0,0,0,0,196,0,0,0,0,0,0,0,0,0,0,130,0,0,0,0,0,0,0,0,0,0,0,0,0,0,0,0,0,0,0,0,0,0
20170607,37038,44445872,464,344,92,0,265,44,0,0,0,0,0,0,0,0,199,0,0,0,0,0,0,0,0,0,0,132,0,0,0,0,0,0,0,0,0,0,0,0,0,0,0,0,0,0,0,0,0,0
20170608,42122,50546906,472,148,121,0,270,44,0,0,0,0,0,0,0,0,202,0,0,0,0,0,0,0,0,0,0,135,0,0,0,0,0,0,0,0,0,0,0,0,0,0,0,0,0,0,0,0,0,0
20170609,62998,75597040,478,169,52,0,274,43,0,0,0,0,0,0,0,0,205,0,0,0,0,0,0,0,0,0,0,136,0,0,0,0,0,0,0,0,0,0,0,0,0,0,0,0,0,0,0,0,0,0
20170610,46553,55863762,485,92,34,0,277,44,0,0,0,0,0,0,0,0,208,0,0,0,0,0,0,0,0,0,0,138,0,0,0,0,0,0,0,0,0,0,0,0,0,0,0,0,0,0,0,0,0,0
20170611,6319,7582220,492,64,47,0,283,42,0,0,0,0,0,0,0,0,210,0,0,0,0,0,0,0,0,0,0,141,0,0,0,0,0,0,0,0,0,0,0,0,0,0,0,0,0,0,0,0,0,0
20170612,36069,43283028,497,117,17,0,285,45,0,0,0,0,0,0,0,0,213,0,0,0,0,0,0,0,0,0,0,142,0,0,0,0,0,0,0,0,0,0,0,0,0,0,0,0,0,0,0,0,0,0
20170613,76449,91738792,506,561,421,0,288,47,0,0,0,0,0,0,0,0,217,0,0,0,0,0,0,0,0,0,0,144,0,0,0,0,0,0,0,0,0,0,0,0,0,0,0,0,0,0,0,0,0,0
20170614,38272,45926000,513,91,29,0,294,46,0,0,0,0,0,0,0,0,219,0,0,0,0,0,0,0,0,0,0,146,0,0,0,0,0,0,0,0,0,0,0,0,0,0,0,0,0,0,0,0,0,0
20170615,32270,38724196,521,6,2,0,299,45,0,0,0,0,0,0,0,0,222,0,0,0,0,0,0,0,0,0,0,149,0,0,0,0,0,0,0,0,0,0,0,0,0,0,0,0,0,0,0,0,0,0
20170616,56811,68172802,528,263,152,20000000,303,48,0,0,0,0,0,0,0,0,225,0,0,0,0,0,0,0,0,0,0,151,0,0,0,0,0,0,0,0,0,0,0,0,0,0,0,0,0,0,0,0,0,0
20170617,51978,62373256,535,575,59,20000000,306,47,0,0,0,0,0,0,0,0,229,0,0,0,0,0,0,0,0,0,0,153,0,0,0,0,0,0,0,0,0,0,0,0,0,0,0,0,0,0,0,0,0,0
20170618,14211,17053326,541,27,5,20000000,311,50,0,0,0,0,0,0,0,0,231,0,0,0,0,0,0,0,0,0,0,155,0,0,0,0,0,0,0,0,0,0,0,0,0,0,0,0,0,0,0,0,0,0
20170619,38657,46388498,548,331,243,20000000,313,49,417.2857143,184694.7143,571428.5714,209262.5714,113.8571429,192020.1584,142371.0252,88,689,234,6.081542661,210056.4835,393707.4286,760.8571429,71375.15099,0,0,0,0,156,0,0,0,0,0,0,0,0,0,0,0,0,0,0,0,0,0,0,0,0,0,0
20170620,38890,46668226,556,454,81,20000000,319,50,417.2857143,184694.7143,571428.5714,209262.5714,113.8571429,192020.1584,142371.0252,88,689,237,6.081542661,210056.4835,393707.4286,760.8571429,71375.15099,0,0,0,0,159,0,0,0,0,0,0,0,0,0,0,0,0,0,0,0,0,0,0,0,0,0,0
20170621,48876,58651386,562,281,269,20000000,321,49,417.2857143,184694.7143,571428.5714,209262.5714,113.8571429,192020.1584,142371.0252,88,689,241,6.081542661,210056.4835,393707.4286,760.8571429,71375.15099,0,0,0,0,160,0,0,0,0,0,0,0,0,0,0,0,0,0,0,0,0,0,0,0,0,0,0
20170622,37718,45261348,570,295,170,20000000,327,51,417.2857143,184694.7143,571428.5714,209262.5714,113.8571429,192020.1584,142371.0252,88,689,244,6.081542661,210056.4835,393707.4286,760.8571429,71375.15099,0,0,0,0,163,0,0,0,0,0,0,0,0,0,0,0,0,0,0,0,0,0,0,0,0,0,0
20170623,50156,60187712,576,162,66,20000000,329,53,417.2857143,184694.7143,571428.5714,209262.5714,113.8571429,192020.1584,142371.0252,88,689,247,6.081542661,210056.4835,393707.4286,760.8571429,71375.15099,0,0,0,0,164,0,0,0,0,0,0,0,0,0,0,0,0,0,0,0,0,0,0,0,0,0,0
20170624,48709,58450726,584,454,98,0,335,51,417.2857143,184694.7143,571428.5714,209262.5714,113.8571429,192020.1584,142371.0252,88,689,249,6.081542661,210056.4835,393707.4286,760.8571429,71375.15099,0,0,0,0,167,0,0,0,0,0,0,0,0,0,0,0,0,0,0,0,0,0,0,0,0,0,0
20170625,12067,14480598,591,35,18,0,339,51,417.2857143,184694.7143,571428.5714,209262.5714,113.8571429,192020.1584,142371.0252,88,689,252,6.081542661,210056.4835,393707.4286,760.8571429,71375.15099,0,0,0,0,169,0,0,0,0,0,0,0,0,0,0,0,0,0,0,0,0,0,0,0,0,0,0
20170626,45536,54642676,597,22,21,0,341,52,0,0,0,0,0,0,0,0,255,0,0,0,0,0,0,0,0,0,0,170,0,0,0,0,0,0,0,0,0,0,0,0,0,0,0,0,0,0,0,0,0,0
20170627,45611,54732860,605,135,102,0,346,55,0,0,0,0,0,0,0,0,259,0,0,0,0,0,0,0,0,0,0,173,0,0,0,0,0,0,0,0,0,0,0,0,0,0,0,0,0,0,0,0,0,0
20170628,45893,55071686,612,85,70,0,350,56,0,0,0,0,0,0,0,0,262,0,0,0,0,0,0,0,0,0,0,175,0,0,0,0,0,0,0,0,0,0,0,0,0,0,0,0,0,0,0,0,0,0
20170629,58222,69865994,620,138,48,0,355,55,0,0,0,0,0,0,0,0,265,0,0,0,0,0,0,0,0,0,0,177,0,0,0,0,0,0,0,0,0,0,0,0,0,0,0,0,0,0,0,0,0,0
20170630,60793,72951676,627,39,32,0,359,56,0,0,0,0,0,0,0,0,267,0,0,0,0,0,0,0,0,0,0,179,0,0,0,0,0,0,0,0,0,0,0,0,0,0,0,0,0,0,0,0,0,0
20170701,38225,45869914,633,202,32,0,363,57,0,0,0,0,0,0,0,0,270,0,0,0,0,0,0,0,0,0,0,181,0,0,0,0,0,0,0,0,0,0,0,0,0,0,0,0,0,0,0,0,0,0
20170702,9353,11223156,639,86,19,0,366,58,0,0,0,0,0,0,0,0,274,0,0,0,0,0,0,0,0,0,0,183,0,0,0,0,0,0,0,0,0,0,0,0,0,0,0,0,0,0,0,0,0,0
20170703,36069,43283308,647,344,139,0,371,56,384.7142857,183270.4016,571428.5714,0,0,0,0,0,276,0,0,0,0,0,0,0,0,0,0,185,0,0,0,0,0,0,0,0,0,0,0,0,0,0,0,0,0,0,0,0,0,0
20170704,39805,47765626,652,80,22,0,373,57,384.7142857,183270.4016,571428.5714,0,0,0,0,0,279,0,0,0,0,0,0,0,0,0,0,186,0,0,0,0,0,0,0,0,0,0,0,0,0,0,0,0,0,0,0,0,0,0
20170705,36620,43944198,661,77,1,0,378,60,384.7142857,183270.4016,571428.5714,0,0,0,0,0,282,0,0,0,0,0,0,0,0,0,0,189,0,0,0,0,0,0,0,0,0,0,0,0,0,0,0,0,0,0,0,0,0,0
20170706,32713,39256118,666,290,55,0,381,58,384.7142857,183270.4016,571428.5714,0,0,0,0,0,286,0,0,0,0,0,0,0,0,0,0,190,0,0,0,0,0,0,0,0,0,0,0,0,0,0,0,0,0,0,0,0,0,0
20170707,36587,43904284,675,307,66,0,386,58,384.7142857,183270.4016,571428.5714,0,0,0,0,0,289,0,0,0,0,0,0,0,0,0,0,192,0,0,0,0,0,0,0,0,0,0,0,0,0,0,0,0,0,0,0,0,0,0
20170708,43080,51696254,680,291,226,0,389,61,384.7142857,183270.4016,571428.5714,0,0,0,0,0,292,0,0,0,0,0,0,0,0,0,0,194,0,0,0,0,0,0,0,0,0,0,0,0,0,0,0,0,0,0,0,0,0,0
20170709,6821,8185774,688,57,38,0,394,59,384.7142857,183270.4016,571428.5714,0,0,0,0,0,294,0,0,0,0,0,0,0,0,0,0,197,0,0,0,0,0,0,0,0,0,0,0,0,0,0,0,0,0,0,0,0,0,0
20170710,49296,59155068,695,215,104,0,398,63,0,0,0,0,0,0,0,0,298,0,0,0,0,0,0,0,0,0,0,199,0,0,0,0,0,0,0,0,0,0,0,0,0,0,0,0,0,0,0,0,0,0
20170711,80372,96446652,702,831,143,0,402,62,0,0,0,0,0,0,0,0,300,0,0,0,0,0,0,0,0,0,0,201,0,0,0,0,0,0,0,0,0,0,0,0,0,0,0,0,0,0,0,0,0,0
20170712,50496,60595194,709,245,50,0,406,64,0,0,0,0,0,0,0,0,304,0,0,0,0,0,0,0,0,0,0,202,0,0,0,0,0,0,0,0,0,0,0,0,0,0,0,0,0,0,0,0,0,0
20170713,58092,69710166,715,4,2,0,409,62,0,0,0,0,0,0,0,0,307,0,0,0,0,0,0,0,0,0,0,204,0,0,0,0,0,0,0,0,0,0,0,0,0,0,0,0,0,0,0,0,0,0
20170714,65671,78805476,725,784,383,0,416,63,0,0,0,0,0,0,0,0,309,0,0,0,0,0,0,0,0,0,0,207,0,0,0,0,0,0,0,0,0,0,0,0,0,0,0,0,0,0,0,0,0,0
20170715,72844,87412760,728,720,524,0,416,63,0,0,0,0,0,0,0,0,312,0,0,0,0,0,0,0,0,0,0,208,0,0,0,0,0,0,0,0,0,0,0,0,0,0,0,0,0,0,0,0,0,0
20170716,18886,22662634,738,60,15,0,423,65,0,0,0,0,0,0,0,0,316,0,0,0,0,0,0,0,0,0,0,211,0,0,0,0,0,0,0,0,0,0,0,0,0,0,0,0,0,0,0,0,0,0
20170717,60940,73127428,745,440,75,0,427,67,0,0,0,0,0,0,0,0,319,0,0,0,0,0,0,0,0,0,0,213,0,0,0,0,0,0,0,0,0,0,0,0,0,0,0,0,0,0,0,0,0,0
20170718,53902,64681834,751,282,11,0,429,68,0,0,0,0,0,0,0,0,322,0,0,0,0,0,0,0,0,0,0,214,0,0,0,0,0,0,0,0,0,0,0,0,0,0,0,0,0,0,0,0,0,0
20170719,60941,73128632,759,492,232,0,435,67,0,0,0,0,0,0,0,0,324,0,0,0,0,0,0,0,0,0,0,217,0,0,0,0,0,0,0,0,0,0,0,0,0,0,0,0,0,0,0,0,0,0
20170720,51901,62280828,764,28,20,0,437,68,0,0,0,0,0,0,0,0,327,0,0,0,0,0,0,0,0,0,0,218,0,0,0,0,0,0,0,0,0,0,0,0,0,0,0,0,0,0,0,0,0,0
20170721,48740,58487984,773,198,135,0,443,69,0,0,0,0,0,0,0,0,330,0,0,0,0,0,0,0,0,0,0,221,0,0,0,0,0,0,0,0,0,0,0,0,0,0,0,0,0,0,0,0,0,0
20170722,65641,78769658,780,318,301,0,447,68,0,0,0,0,0,0,0,0,333,0,0,0,0,0,0,0,0,0,0,223,0,0,0,0,0,0,0,0,0,0,0,0,0,0,0,0,0,0,0,0,0,0
20170723,15402,18482992,785,23,4,0,449,71,0,0,0,0,0,0,0,0,336,0,0,0,0,0,0,0,0,0,0,224,0,0,0,0,0,0,0,0,0,0,0,0,0,0,0,0,0,0,0,0,0,0
20170724,57302,68762850,794,612,57,0,454,71,0,0,0,0,0,0,0,0,340,0,0,0,0,0,0,0,0,0,0,227,0,0,0,0,0,0,0,0,0,0,0,0,0,0,0,0,0,0,0,0,0,0
20170725,43191,51828972,801,312,124,0,459,72,0,0,0,0,0,0,0,0,342,0,0,0,0,0,0,0,0,0,0,229,0,0,0,0,0,0,0,0,0,0,0,0,0,0,0,0,0,0,0,0,0,0
20170726,42815,51377670,807,452,119,0,462,71,0,0,0,0,0,0,0,0,346,0,0,0,0,0,0,0,0,0,0,230,0,0,0,0,0,0,0,0,0,0,0,0,0,0,0,0,0,0,0,0,0,0
20170727,42344,50812772,816,496,210,0,466,71,0,0,0,0,0,0,0,0,349,0,0,0,0,0,0,0,0,0,0,233,0,0,0,0,0,0,0,0,0,0,0,0,0,0,0,0,0,0,0,0,0,0
20170728,49351,59221420,822,76,19,11250000,470,74,0,0,0,0,0,0,0,0,352,0,0,0,0,0,0,0,0,0,0,235,0,0,0,0,0,0,0,0,0,0,0,0,0,0,0,0,0,0,0,0,0,0
20170729,47589,57107094,827,549,84,11250000,473,73,0,0,0,0,0,0,0,0,354,0,0,0,0,0,0,0,0,0,0,236,0,0,0,0,0,0,0,0,0,0,0,0,0,0,0,0,0,0,0,0,0,0
20170730,7325,8790304,834,12,8,11250000,477,74,0,0,0,0,0,0,0,0,357,0,0,0,0,0,0,0,0,0,0,238,0,0,0,0,0,0,0,0,0,0,0,0,0,0,0,0,0,0,0,0,0,0
20170731,44423,53308000,842,323,152,11250000,483,72,0,0,0,0,0,0,0,0,360,0,0,0,0,0,253790.1429,193.7154781,46437.08404,428614.2857,0,241,0,0,0,0,0,0,0,0,0,0,0,0,0,0,0,0,0,0,0,0,0,0
20170801,42717,51260468,849,74,31,11250000,486,73,0,0,0,0,0,0,0,0,363,0,0,0,0,0,253790.1429,193.7154781,46437.08404,428614.2857,0,243,0,0,0,0,0,0,0,0,0,0,0,0,0,0,0,0,0,0,0,0,0,0
20170802,39905,47886173,855,122,23,11250000,489,74,0,0,0,0,0,0,0,0,366,0,0,0,0,0,253790.1429,193.7154781,46437.08404,428614.2857,0,244,0,0,0,0,0,0,0,0,0,0,0,0,0,0,0,0,0,0,0,0,0,0
20170803,35383,42459118,862,372,320,11250000,493,75,0,0,0,0,0,0,0,0,369,0,0,0,0,0,253790.1429,193.7154781,46437.08404,428614.2857,0,246,0,0,0,0,0,0,0,0,0,0,0,0,0,0,0,0,0,0,0,0,0,0
20170804,46625,55950396,872,514,279,11250000,499,77,0,0,0,0,0,0,0,0,373,0,0,0,0,0,253790.1429,193.7154781,46437.08404,428614.2857,0,249,0,0,0,0,0,0,0,0,0,0,0,0,0,0,0,0,0,0,0,0,0,0
20170805,50788,60945828,879,74,26,11250000,504,77,0,0,0,0,0,0,0,0,376,0,0,0,0,0,253790.1429,193.7154781,46437.08404,428614.2857,0,251,0,0,0,0,0,0,0,0,0,0,0,0,0,0,0,0,0,0,0,0,0,0
20170806,7111,8532934,884,20,9,11250000,506,78,0,0,0,0,0,0,0,0,378,0,0,0,0,0,253790.1429,193.7154781,46437.08404,428614.2857,0,253,0,0,0,0,0,0,0,0,0,0,0,0,0,0,0,0,0,0,0,0,0,0
20170807,43176,51811654,891,31,10,11250000,510,80,0,0,0,0,0,0,0,0,381,0,0,0,0,0,0,0,0,0,0,255,0,0,0,0,0,0,0,0,0,0,0,0,0,0,0,0,0,0,0,0,0,0
20170808,38885,46662276,900,242,206,11250000,515,79,0,0,0,0,0,0,0,0,385,0,0,0,0,0,0,0,0,0,0,257,0,0,0,0,0,0,0,0,0,0,0,0,0,0,0,0,0,0,0,0,0,0
20170809,42104,50524280,905,366,62,11250000,518,80,0,0,0,0,0,0,0,0,388,0,0,0,0,0,0,0,0,0,0,258,0,0,0,0,0,0,0,0,0,0,0,0,0,0,0,0,0,0,0,0,0,0
20170810,47907,57487814,912,497,24,11250000,521,79,0,0,0,0,0,0,0,0,391,0,0,0,0,0,0,0,0,0,0,260,0,0,0,0,0,0,0,0,0,0,0,0,0,0,0,0,0,0,0,0,0,0
20170811,45738,54885932,917,125,82,11250000,524,80,0,0,0,0,0,0,0,0,393,0,0,0,0,0,0,0,0,0,0,262,0,0,0,0,0,0,0,0,0,0,0,0,0,0,0,0,0,0,0,0,0,0
20170812,44857,53828900,927,67,20,11250000,530,83,0,0,0,0,0,0,0,0,397,0,0,0,0,0,0,0,0,0,0,265,0,0,0,0,0,0,0,0,0,0,0,0,0,0,0,0,0,0,0,0,0,0
20170813,9667,11600376,933,22,4,11250000,533,83,0,0,0,0,0,0,0,0,400,0,0,0,0,0,0,0,0,0,0,266,0,0,0,0,0,0,0,0,0,0,0,0,0,0,0,0,0,0,0,0,0,0
20170814,41751,50100602,942,448,115,0,539,81,0,0,0,0,0,0,0,0,402,0,0,0,0,0,0,0,0,0,21981.14286,269,5607.389543,29455.53571,249072,185,10068,106966.25,539709,18,36418,101000,708867,2528,134516.3942,384884,1392,67375,39323,310,19197.5,39152,88,19051.25
20170815,40610,48731556,947,344,130,0,542,84,0,0,0,0,0,0,0,0,405,0,0,0,0,0,0,0,0,0,181365,271,49367.553,206037.5,267200,183,10068,114505,596123,31,36660,101000,684557,2805,133709.0328,342719,1560,67228.16458,81726,732,44487.5,88854,255,44202.5
20170816,35629,42754956,954,148,16,0,546,86,0,0,0,0,0,0,0,0,409,0,0,0,0,0,0,0,0,0,190154,272,53585.3972,205752.5,263991,214,11425,117317.5,567377,14,35515,101000,704782,2301,121125,491636,1684,80133.67406,75159,762,54908.75,42257,158,19286.25
20170817,48704,58445262,960,427,77,0,549,83,0,0,0,0,0,0,0,0,411,0,0,0,0,0,0,0,0,0,237724,274,64209.2524,206276.25,258908,216,11258,115897.5,575639,9,33714,101000,652236,2049,120978.3777,451921,1459,80750,90233,998,73362.5,41222,133,18188.75
20170818,61296,73555370,969,148,147,0,554,86,0,0,0,0,0,0,0,0,414,0,0,0,0,0,0,0,0,0,234838,277,64885.7394,214325,50387,50,2106,34088,549040,6,33163,101000,496979,1459,90375,871798,2729,161875,89052,882,53787.5,36391,111,14332.5
20170819,58399,70078880,975,641,43,0,557,84,0,0,0,0,0,0,0,0,418,0,0,0,0,0,0,0,0,0,293191,278,83324.8822,277267.5,39141,24,1405,16996.25,607802,13,35148,101000,519067,1518,90010.48618,944346,2740,161795.2527,76440,647,35110,20766,74,8807.5
20170820,6181,7417656,984,65,59,0,563,86,0,0,0,0,0,0,0,0,420,0,0,0,0,0,0,0,0,0,313943,281,88061.0115,278287.5,24395,19,911,11182.5,575516,8,35014,101000,492577,1509,90375,874960,2568,161875,64359,550,36716.25,23538,85,9138.75
20170821,42352,50821994,991,367,123,0,568,86,0,0,0,0,0,0,0,0,424,0,0,0,0,0,0,0,0,0,313936,283,88059.048,330000,31509,23,1052,20277.5,373548,4,22371,68782.11016,700614,2021,125000,967724,2516,161875,70679,517,35317.5,26112,99,9132.5
20170822,71896,86275600,996,671,74,0,570,87,0,0,0,0,0,0,0,0,426,0,0,0,0,0,0,0,0,0,362349,285,102762.1764,329975,26714,15,974,18612.5,178025,3,10972,28750,496284,1341,85000,1047159,2461,161875,84778,698,36900,25468,83,9127.5
20170823,38092,45710028,1004,95,59,0,575,87,0,0,0,0,0,0,0,0,430,0,0,0,0,0,0,0,0,0,369740,287,100939.02,330103.75,26270,22,994,16341.25,172357,0,11145,28760.3293,519085,1355,85000,1123042,2458,161875,87947,721,36700,26727,90,9126.25
20170824,42504,51004252,1009,35,25,0,577,90,0,0,0,0,0,0,0,0,433,0,0,0,0,0,0,0,0,0,386443,288,100513.8243,330135,26784,21,1038,16373.75,151471,1,9828,29214.98139,472809,1269,85806.81392,1095020,2357,163012.5737,85453,740,36713,27253,68,8898.75
20170825,54844,65812488,1018,294,130,0,583,89,0,0,0,0,0,0,0,0,436,0,0,0,0,0,0,0,0,0,108868,291,28479.8688,93933.75,14325,24,650,7242.5,226529,6,16603,150154.5741,593527,1753,225127.7899,845486,2082,250130.9548,31605,292,13596,11629,26,3076
20170826,67895,81473516,1024,347,121,0,585,89,0,0,0,0,0,0,0,0,439,0,0,0,0,0,0,0,0,0,0,292,0,0,0,0,0,0,0,0,0,0,0,0,0,0,0,0,0,0,0,0,0,0
20170827,14004,16804758,1031,13,0,0,590,90,0,0,0,0,0,0,0,0,441,0,0,0,0,0,0,0,0,0,0,295,0,0,0,0,0,0,0,0,0,0,0,0,0,0,0,0,0,0,0,0,0,0
20170828,46791,56149136,1039,384,294,0,594,92,0,0,0,0,0,0,0,0,445,0,0,0,0,0,0,0,0,0,0,297,0,0,0,0,0,0,0,0,0,0,0,0,0,0,0,0,0,0,0,0,0,0
20170829,50211,60252944,1045,138,30,0,598,92,0,0,0,0,0,0,0,0,448,0,0,0,0,0,0,0,0,0,0,299,0,0,0,0,0,0,0,0,0,0,0,0,0,0,0,0,0,0,0,0,0,0
20170830,41029,49234818,1053,36,7,0,602,91,0,0,0,0,0,0,0,0,451,0,0,0,0,0,0,0,0,0,0,301,0,0,0,0,0,0,0,0,0,0,0,0,0,0,0,0,0,0,0,0,0,0
20170831,37921,45505386,1060,375,127,0,608,95,0,0,0,0,0,0,0,0,453,0,0,0,0,0,0,0,0,0,0,303,0,0,0,0,0,0,0,0,0,0,0,0,0,0,0,0,0,0,0,0,0,0
20170901,0,0,1068,0,0,0,611,92,0,0,0,0,0,0,0,0,457,0,0,0,0,0,0,0,0,0,0,305,0,0,0,0,0,0,0,0,0,0,0,0,0,0,0,0,0,0,0,0,0,0
20170902,0,0,1075,0,0,0,615,95,0,0,0,0,0,0,0,0,460,0,0,0,0,0,0,0,0,0,0,307,0,0,0,0,0,0,0,0,0,0,0,0,0,0,0,0,0,0,0,0,0,0
20170903,0,0,1080,0,0,0,618,93,0,0,0,0,0,0,0,0,463,0,0,0,0,0,0,0,0,0,0,309,0,0,0,0,0,0,0,0,0,0,0,0,0,0,0,0,0,0,0,0,0,0
20170904,0,0,1086,0,0,0,621,96,0,0,0,0,0,0,0,0,465,0,0,0,0,0,0,0,0,0,0,310,0,0,0,0,0,0,0,0,0,0,446040,1014,69900.87069,360079,1051,70250,22036,79,27133.75,83978,103,25002.5
20170905,0,0,1094,0,0,0,626,94,0,0,0,0,0,0,0,0,468,0,0,0,0,0,0,0,0,0,0,313,0,0,0,0,0,0,0,0,0,0,517359,1001,69975.21824,419970,1003,70250,47686,204,67551.25,143357,199,61985
20170906,0,0,1102,0,0,0,632,95,0,0,0,0,0,0,0,0,471,0,0,0,0,0,0,0,0,0,0,315,0,0,0,0,0,0,0,0,0,0,958911,1897,161065.8191,878585,1918,161239.1021,31433,136,46671.25,81480,137,39122.5
20170907,0,0,1109,0,0,0,634,95,0,0,0,0,0,0,0,0,474,0,0,0,0,0,0,0,0,0,0,317,0,0,0,0,0,0,0,0,0,0,948629,1854,172353.0975,928721,1852,171666.9401,0,0,0,0,0,0
20170908,0,0,1116,0,0,0,638,97,0,0,0,0,0,0,0,0,478,0,0,0,0,0,0,0,0,0,0,319,0,0,0,0,0,0,0,0,0,0,784114,1533,140750,1170675,2269,211000,0,0,0,0,0,0
20170909,0,0,1121,0,0,0,641,97,0,0,0,0,0,0,0,0,480,0,0,0,0,0,0,0,0,0,0,321,0,0,0,0,0,0,0,0,0,0,683597,1510,141824.2102,1011170,2220,212128.103,0,0,0,0,0,0
20170910,0,0,1130,0,0,0,647,101,0,0,0,0,0,0,0,0,484,0,0,0,0,0,0,0,0,0,0,323,0,0,0,0,0,0,0,0,0,0,751473,1481,145499.3352,1106811,2215,217223.2338,0,0,0,0,0,0
20170911,0,0,1136,0,0,0,650,98,0,0,0,0,0,0,0,0,486,0,0,0,0,0,0,0,0,0,0,325,0,0,0,0,0,0,0,0,0,0,0,0,0,0,0,0,0,0,0,0,0,0
20170912,0,0,1144,0,0,0,656,101,0,0,0,0,0,0,0,0,489,0,0,0,0,0,0,0,0,0,0,327,0,0,0,0,0,0,0,0,0,0,0,0,0,0,0,0,0,0,0,0,0,0
20170913,0,0,1150,0,0,0,658,102,0,0,0,0,0,0,0,0,492,0,0,0,0,0,0,0,0,0,0,329,0,0,0,0,0,0,0,0,0,0,0,0,0,0,0,0,0,0,0,0,0,0
20170914,0,0,1159,0,0,0,663,102,0,0,0,0,0,0,0,0,496,0,0,0,0,0,0,0,0,0,0,331,0,0,0,0,0,0,0,0,0,0,0,0,0,0,0,0,0,0,0,0,0,0
20170915,0,0,1165,0,0,0,668,103,0,0,0,0,0,0,0,0,498,0,0,0,0,0,0,0,0,0,0,333,0,0,0,0,0,0,0,0,0,0,0,0,0,0,0,0,0,0,0,0,0,0
20170916,0,0,1170,0,0,0,669,101,0,0,0,0,0,0,0,0,502,0,0,0,0,0,0,0,0,0,0,334,0,0,0,0,0,0,0,0,0,0,0,0,0,0,0,0,0,0,0,0,0,0
20170917,0,0,1178,0,0,0,675,104,0,0,0,0,0,0,0,0,505,0,0,0,0,0,0,0,0,0,0,337,0,0,0,0,0,0,0,0,0,0,0,0,0,0,0,0,0,0,0,0,0,0
20170918,0,0,1186,0,0,0,678,104,0,0,0,0,0,0,0,0,507,0,0,0,0,0,0,0,0,0,0,339,0,0,0,0,0,0,0,0,0,0,0,0,0,0,0,0,0,0,0,0,0,0
20170919,0,0,1192,0,0,0,682,103,0,0,0,0,0,0,0,0,510,0,0,0,0,0,0,0,0,0,0,341,0,0,0,0,0,0,0,0,0,0,0,0,0,0,0,0,0,0,0,0,0,0
20170920,0,0,1200,0,0,0,688,105,0,0,0,0,0,0,0,0,513,0,0,0,0,0,0,0,0,0,0,343,0,0,0,0,0,0,0,0,0,0,0,0,0,0,0,0,0,0,0,0,0,0
20170921,0,0,1205,0,0,0,689,104,0,0,0,0,0,0,0,0,516,0,0,0,0,0,0,0,0,0,0,344,0,0,0,0,0,0,0,0,0,0,0,0,0,0,0,0,0,0,0,0,0,0
20170922,0,0,1214,0,0,0,695,104,0,0,0,0,0,0,0,0,520,0,0,0,0,0,0,0,0,0,0,347,0,0,0,0,0,0,0,0,0,0,0,0,0,0,0,0,0,0,0,0,0,0
20170923,0,0,1222,0,0,0,700,108,0,0,0,0,0,0,0,0,523,0,0,0,0,0,0,0,0,0,0,349,0,0,0,0,0,0,0,0,0,0,0,0,0,0,0,0,0,0,0,0,0,0
20170924,0,0,1228,0,0,0,702,106,0,0,0,0,0,0,0,0,526,0,0,0,0,0,0,0,0,0,0,350,0,0,0,0,0,0,0,0,0,0,0,0,0,0,0,0,0,0,0,0,0,0
20170925,0,0,1233,0,0,0,705,108,0,0,0,0,0,0,0,0,528,0,0,0,0,0,0,0,0,0,0,352,0,0,0,0,0,0,0,0,0,0,0,0,0,0,0,0,0,0,0,0,0,0
20170926,0,0,1242,0,0,0,709,110,0,0,0,0,0,0,0,0,532,0,0,0,0,0,0,0,0,0,0,355,0,0,0,0,0,0,0,0,0,0,0,0,0,0,0,0,0,0,0,0,0,0
20170927,0,0,1250,0,0,0,715,111,0,0,0,0,0,0,0,0,534,0,0,0,0,0,0,0,0,0,0,357,0,0,0,0,0,0,0,0,0,0,0,0,0,0,0,0,0,0,0,0,0,0
20170928,0,0,1255,0,0,0,719,109,0,0,0,0,0,0,0,0,537,0,0,0,0,0,0,0,0,0,0,359,0,0,0,0,0,0,0,0,0,0,0,0,0,0,0,0,0,0,0,0,0,0
20170929,0,0,1263,0,0,0,723,112,0,0,0,0,0,0,0,0,540,0,0,0,0,0,0,0,0,0,0,361,0,0,0,0,0,0,0,0,0,0,0,0,0,0,0,0,0,0,0,0,0,0
20170930,0,0,1269,0,0,0,727,112,0,0,0,0,0,0,0,0,543,0,0,0,0,0,0,0,0,0,0,363,0,0,0,0,0,0,0,0,0,0,0,0,0,0,0,0,0,0,0,0,0,0
20171001,0,0,1278,0,0,0,731,112,0,0,0,0,0,0,0,0,547,0,0,0,0,0,0,0,0,0,0,365,0,0,0,0,0,0,0,0,0,0,0,0,0,0,0,0,0,0,0,0,0,0
20171002,0,0,1282,0,0,0,733,111,0,0,0,0,0,0,0,0,550,0,0,0,0,0,0,0,0,0,0,366,0,0,0,0,0,0,0,0,0,0,0,0,0,0,0,0,0,0,0,0,0,0
20171003,0,0,1292,0,0,0,739,113,0,0,0,0,0,0,0,0,552,0,0,0,0,0,0,0,0,0,0,369,0,0,0,0,0,0,0,0,0,0,0,0,0,0,0,0,0,0,0,0,0,0
20171004,0,0,1297,0,0,0,741,115,0,0,0,0,0,0,0,0,555,0,0,0,0,0,0,0,0,0,0,370,0,0,0,0,0,0,0,0,0,0,0,0,0,0,0,0,0,0,0,0,0,0
20171005,0,0,1304,0,0,0,746,115,0,0,0,0,0,0,0,0,559,0,0,0,0,0,0,0,0,0,0,372,0,0,0,0,0,0,0,0,0,0,0,0,0,0,0,0,0,0,0,0,0,0
20171006,0,0,1311,0,0,0,749,114,0,0,0,0,0,0,0,0,561,0,0,0,0,0,0,0,0,0,0,374,0,0,0,0,0,0,0,0,0,0,0,0,0,0,0,0,0,0,0,0,0,0
20171007,0,0,1317,0,0,0,754,116,0,0,0,0,0,0,0,0,564,0,0,0,0,0,0,0,0,0,0,376,0,0,0,0,0,0,0,0,0,0,0,0,0,0,0,0,0,0,0,0,0,0
20171008,0,0,1327,0,0,0,759,115,0,0,0,0,0,0,0,0,568,0,0,0,0,0,0,0,0,0,0,379,0,0,0,0,0,0,0,0,0,0,0,0,0,0,0,0,0,0,0,0,0,0
20171009,0,0,1326,0,0,0,758,114,0,0,0,0,0,0,0,0,568,0,0,0,0,0,0,0,0,0,0,379,0,0,0,0,0,0,0,0,0,0,0,0,0,0,0,0,0,0,0,0,0,0
