1,2,2,2,2,2,3,3,3,3,3,3,3,3,3,3,3,3,3,3,3,3,3,3,3,3,3,3,3,3,3,3,3,3,3,3,3,3,3,3,3,3,3,3,3,3,3,3
0,0,0,0,0,0,1,1,2,2,2,2,3,3,3,3,3,3,4,4,4,4,4,4,3,3,3,3,3,3,4,4,4,4,4,4,4,4,4,4,4,4,4,4,4,4,4,4
0,0,0,0,0,0,1,1,2,2,3,3,4,4,4,5,5,5,6,6,6,7,7,7,8,8,8,9,9,9,10,10,10,11,11,11,12,12,12,13,13,13,14,14,14,15,15,15
0,0,0,0,0,0,1,2,1,2,1,2,2,3,1,3,2,1,3,2,1,2,3,1,3,2,1,3,2,1,3,2,1,3,2,1,2,3,1,2,3,1,2,3,1,2,3,1
date,Order,Sales ,Inquiry(Mail),Inquiry(Tel),Inquiry(Visit),TV_cost,TV_GRP,Leaflets_cost,Leaflets_distribution,Newspaper_cost,Newspaper_publish,YouTube_GooglePreferred_View,YouTube_GooglePreferred_Click,YouTube_GooglePreferred_Cost,YouTube_BumperAds_Click,YouTube_BumperAds_View,YouTube_BumperAds_Cost,FBIG_LinkAD_Click,FBIG_LinkAD_View,FBIG_LinkAD_Cost,TW_WebSite_card_View,TW_WebSite_card_Click,TW_WebSite_card_Cost,YouTube_Trueview_Click,YouTube_Trueview_View,YouTube_Trueview_Cost,TrueView_Movie_Click,TrueView_Movie_View,TrueView_Movie_Cost,LINE_ADS_Platform_Movie_Click,LINE_ADS_Platform_Movie_View,LINE_ADS_Platform_Movie_Cost,Twitter_Movie_Click,Twitter_Movie_View,Twitter_Movie_Cost,Twitter_Pic_Intkey_View,Twitter_Pic_Intkey_Click,Twitter_Pic_Intkey_Cost,Twitter_Pic_handle_View,Twitter_Pic_handle_Click,Twitter_Pic_handle_Cost,Facebook_Pic_View,Facebook_Pic_Click,Facebook_Pic_Cost,Instagram_Pic_View,Instagram_Pic_Click,Instagram_Pic_Cost
日付,注文数,売り上げ,問い合わせ(メール,問い合わせ(電話),問い合わせ(訪問),テレビコスト,テレビGRP,チラシコスト,チラシ配布数,新聞コスト,新聞発行部数,Youtubeビュー,Youtubeクリック,Youtubeコスト,Youtube BA クリック,Youtube BA ビュー,Youtube BA コスト,FBIGクリック,FBIGビュー,FBIGコスト,TW WC ビュー,TW WC クリック,TW WC コスト,YouTube_TrV クリック,YouTube_TrV ビュー,YouTube_TrV コスト,TrueView クリック,TrueView ビュー,TrueView コスト,LINE AD クリック,LINE AD ビュー,LINE AD コスト,TW MV クリック,TW MV ビュー,TW MV コスト,TW PI ビュー,TW PI クリック,TW PI コスト,TW PH ビュー,TW PH クリック,TW PH コスト,FBP ビュー,FBP クリック,FBP コスト,IGP ビュー,IGP クリック,IGP コスト
20170403,1704,5111200,10,152,8,0,7,100,2,10000,2,0,0,0,0,0,0,3,0,25,0,0,0,0,0,0,0,0,0,0,0,0,0,0,0,0,6,185,0,0,0,0,0,0,0,0,0
20170404,1707,5122400,18,187,116,0,12,150,3,10000,2,0,0,0,0,0,0,6,0,50,0,0,0,0,0,0,0,0,0,0,0,0,0,0,0,0,10,308,0,0,0,0,0,0,0,0,0
20170405,1710,5129400,23,167,140,0,14,200,4,10000,2,0,0,0,0,0,0,9,0,76,0,0,0,0,0,0,0,0,0,0,0,0,0,0,0,0,14,431,0,0,0,0,0,0,0,0,0
20170406,1714,5143400,33,54,44,0,20,100,2,10000,2,0,0,0,0,0,0,13,0,109,0,0,0,0,0,0,0,0,0,0,0,0,0,0,0,0,18,554,0,0,0,0,0,0,0,0,0
20170407,1717,5150400,38,698,293,0,22,50,1,10000,2,0,0,0,0,0,0,16,0,134,0,0,0,0,0,0,0,0,0,0,0,0,0,0,0,0,20,616,0,0,0,0,0,0,0,0,0
20170408,1720,5160200,45,326,197,0,27,50,1,10000,2,0,0,0,0,0,0,18,0,151,0,0,0,0,0,0,0,0,0,0,0,0,0,0,0,0,26,801,0,0,0,0,0,0,0,0,0
20170409,1724,5171400,53,5,4,0,32,50,1,10000,2,0,0,0,0,0,0,22,0,185,0,0,0,0,0,0,0,0,0,0,0,0,0,0,0,0,30,924,0,0,0,0,0,0,0,0,0
20170410,1726,5178400,58,240,237,0,34,100,2,10000,2,0,0,0,0,0,0,24,0,202,0,0,0,0,0,0,0,0,0,0,0,0,0,0,0,0,34,1047,0,0,0,0,0,0,0,0,0
20170411,1729,5186800,64,68,37,0,37,0,0,10000,2,0,0,0,0,0,0,27,0,227,0,0,0,0,0,0,0,0,0,0,0,0,0,0,0,0,36,1109,0,0,0,0,0,0,0,0,0
20170412,1733,5199400,73,66,1,0,43,0,0,10000,2,0,0,0,0,0,0,31,0,260,0,0,0,0,0,0,0,0,0,0,0,0,0,0,0,0,42,1294,0,0,0,0,0,0,0,0,0
20170413,1736,5209200,80,32,16,0,46,0,0,10000,2,0,0,0,0,0,0,34,0,286,0,0,0,0,0,0,0,0,0,0,0,0,0,0,0,0,44,1355,0,0,0,0,0,0,0,0,0
20170414,1740,5220400,88,214,192,1202133,51,0,0,10000,2,0,0,0,0,0,0,37,0,311,0,0,0,0,0,0,0,0,0,0,0,0,0,0,0,0,50,1540,0,0,0,0,0,0,0,0,0
20170415,1742,5226000,92,201,61,1202133,53,0,0,10000,2,0,0,0,0,0,0,40,0,336,0,0,0,0,0,0,0,0,0,0,0,0,0,0,0,0,52,1602,0,0,0,0,0,0,0,0,0
20170416,1746,5238600,101,62,15,1202133,57,0,0,10000,2,0,0,0,0,0,0,43,0,361,0,0,0,0,0,0,0,0,0,0,0,0,0,0,0,0,58,1786,0,0,0,0,0,0,0,0,0
20170417,1750,5249800,109,135,93,1202133,63,0,0,10000,2,0,0,0,0,0,0,46,0,386,0,0,0,0,0,0,0,0,0,0,0,0,0,0,0,0,62,1910,0,0,0,0,0,0,0,0,0
20170418,1752,5256800,114,116,62,1202133,65,0,0,10000,2,0,0,0,0,0,0,49,0,412,0,0,0,0,0,0,0,0,0,0,0,0,0,0,0,0,64,1971,0,0,0,0,0,0,0,0,0
20170419,1756,5269400,123,49,25,1202133,70,0,0,10000,2,0,0,0,0,0,0,52,0,437,0,0,0,0,0,0,0,0,0,0,0,0,0,0,0,0,70,2156,0,0,0,0,0,0,0,0,0
20170420,1759,5277800,129,178,67,1202133,73,0,0,10000,2,0,0,0,0,0,0,55,0,462,0,0,0,0,0,0,0,0,0,0,0,0,0,0,0,0,74,2279,0,0,0,0,0,0,0,0,0
20170421,1762,5284800,134,185,104,1202133,77,0,0,10000,2,0,0,0,0,0,0,57,0,479,0,0,0,0,0,0,0,0,0,0,0,0,0,0,0,0,76,2341,0,0,0,0,0,0,0,0,0
20170422,1765,5294600,141,167,85,1202133,81,0,0,10000,2,0,0,0,0,0,0,61,0,512,0,0,0,0,0,0,0,0,0,0,0,0,0,0,0,0,80,2464,0,0,0,0,0,0,0,0,0
20170423,1768,5304400,148,1,0,1202133,85,0,0,10000,2,0,0,0,0,0,0,64,0,538,0,0,0,0,0,0,0,0,0,0,0,0,0,0,0,0,84,2587,0,0,0,0,0,0,0,0,0
20170424,1773,5318400,158,186,59,0,92,0,0,10000,2,0,0,0,0,0,0,66,0,554,0,0,0,0,0,0,0,0,0,0,0,0,0,0,0,0,90,2772,0,0,0,0,0,0,0,0,0
20170425,1776,5328200,165,234,203,0,95,0,0,10000,2,0,0,0,0,0,0,70,0,588,0,0,0,0,0,0,0,0,0,0,0,0,0,0,0,0,94,2895,0,0,0,0,0,0,0,0,0
20170426,1778,5333800,169,112,96,0,98,0,0,10000,2,0,0,0,0,0,0,73,0,613,0,0,0,0,0,0,0,0,0,0,0,0,0,0,0,0,96,2957,0,0,0,0,0,0,0,0,0
20170427,1782,5346400,178,220,88,0,102,0,0,10000,2,0,0,0,0,0,0,75,0,630,0,0,0,0,0,0,0,0,0,0,0,0,0,0,0,0,102,3142,0,0,0,0,0,0,0,0,0
20170428,1784,5353400,183,454,174,0,105,0,0,10000,2,0,0,0,0,0,0,78,0,655,0,0,0,0,0,0,0,0,0,0,0,0,0,0,0,0,104,3203,0,0,0,0,0,0,0,0,0
20170429,1788,5364600,191,591,546,0,109,0,0,10000,2,0,0,0,0,0,0,81,0,680,0,0,0,0,0,0,0,0,0,0,0,0,0,0,0,0,108,3326,0,0,0,0,0,0,0,0,0
20170430,1792,5375800,199,71,23,0,115,0,0,10000,2,0,0,0,0,0,0,84,0,706,0,0,0,0,0,0,0,0,0,0,0,0,0,0,0,0,114,3511,0,0,0,0,0,0,0,0,0
20170501,1795,5384200,205,31,19,0,118,0,0,10000,2,0,0,0,0,0,0,88,0,739,0,0,0,0,0,0,0,0,0,0,0,0,0,0,0,0,118,3634,0,0,0,0,0,0,0,0,0
20170502,1798,5394000,212,34,25,0,122,0,0,10000,2,0,0,0,0,0,0,91,0,764,0,0,0,0,0,0,0,0,0,0,0,0,0,0,0,0,120,3696,0,0,0,0,0,0,0,0,0
20170503,1801,5403800,219,15,2,0,127,0,0,10000,2,0,0,0,0,0,0,93,0,781,0,0,0,0,0,0,0,0,0,0,0,0,0,0,0,0,126,3881,0,0,0,0,0,0,0,0,0
20170504,1805,5415000,227,279,272,0,131,0,0,10000,2,0,0,0,0,0,0,97,0,815,0,0,0,0,0,0,0,0,0,0,0,0,0,0,0,0,130,4004,0,0,0,0,0,0,0,0,0
20170505,1809,5426200,235,85,0,0,136,0,0,10000,2,0,0,0,0,0,0,100,0,840,0,0,0,0,0,0,0,0,0,0,0,0,0,0,0,0,134,4127,0,0,0,0,0,0,0,0,0
20170506,1811,5431800,239,153,8,0,137,0,0,10000,2,0,0,0,0,0,0,102,0,857,0,0,0,0,0,0,0,0,0,0,0,0,0,0,0,0,136,4189,0,0,0,0,0,0,0,0,0
20170507,1815,5444400,248,23,16,0,144,0,0,10000,2,0,0,0,0,0,0,106,0,890,0,0,0,0,0,0,0,0,0,0,0,0,0,0,0,0,142,4374,0,0,0,0,0,0,0,0,0
20170508,1818,5452800,254,176,23,0,144,0,0,10000,2,0,0,0,0,0,0,109,0,916,0,0,0,0,0,0,0,0,0,0,0,0,0,0,0,0,144,4435,0,0,0,0,0,0,0,0,0
20170509,1821,5462600,261,118,38,0,149,0,0,10000,2,0,0,0,0,0,0,111,0,932,0,0,0,0,0,0,0,0,0,0,0,0,0,0,0,0,148,4558,0,0,0,0,0,0,0,0,0
20170510,1824,5471000,267,135,98,0,153,0,0,10000,2,0,0,0,0,0,0,115,0,966,0,0,0,0,0,0,0,0,0,0,0,0,0,0,0,0,152,4682,0,0,0,0,0,0,0,0,0
20170511,1828,5483600,276,40,17,0,159,0,0,10000,2,0,0,0,0,0,0,117,0,983,0,0,0,0,0,0,0,0,0,0,0,0,0,0,0,0,158,4866,0,0,0,0,0,0,0,0,0
20170512,1831,5493400,283,91,24,0,162,0,0,10000,2,0,0,0,0,0,0,120,0,1008,0,0,0,0,0,0,0,0,0,0,0,0,0,0,0,0,162,4990,0,0,0,0,0,0,0,0,0
20170513,1835,5504600,291,56,41,0,167,0,0,10000,2,0,0,0,0,0,0,124,0,1042,0,0,0,0,0,0,0,0,0,0,0,0,0,0,0,0,166,5113,0,0,0,0,0,0,0,0,0
20170514,1838,5514400,298,39,34,0,171,0,0,10000,2,0,0,0,0,0,0,127,0,1067,0,0,0,0,0,0,0,0,0,0,0,0,0,0,0,0,170,5236,0,0,0,0,0,0,0,0,0
20170515,1840,5520000,302,87,31,0,173,0,0,10000,2,0,0,0,0,0,0,129,0,1084,0,0,0,0,0,0,0,0,0,0,0,0,0,0,0,0,172,5298,0,0,0,0,0,0,0,0,0
20170516,1843,5529800,309,196,170,0,177,0,0,10000,2,0,0,0,0,0,0,132,0,1109,0,0,0,0,0,0,0,0,0,0,0,0,0,0,0,0,176,5421,0,0,0,0,0,0,0,0,0
20170517,1847,5541000,317,148,8,0,182,0,0,10000,2,0,0,0,0,0,0,135,0,1134,0,0,0,0,0,0,0,0,0,0,0,0,0,0,0,0,180,5544,0,0,0,0,0,0,0,0,0
20170518,1850,5549400,323,219,175,0,185,0,0,10000,2,0,0,0,0,0,0,138,0,1159,0,0,0,0,0,0,0,0,0,0,0,0,0,0,0,0,184,5667,0,0,0,0,0,0,0,0,0
20170519,1854,5560600,331,214,30,0,190,0,0,10000,2,0,0,0,0,0,0,142,0,1193,0,0,0,0,0,0,0,0,0,0,0,0,0,0,0,0,190,5852,0,0,0,0,0,0,0,0,0
20170520,1857,5570400,338,95,30,0,193,0,0,10000,2,0,0,0,0,0,0,145,0,1218,0,0,0,0,0,0,0,0,0,0,0,0,0,0,0,0,192,5914,0,0,0,0,0,0,0,0,0
20170521,1861,5581600,346,40,33,0,199,0,0,10000,2,0,0,0,0,0,0,147,0,1235,0,0,0,0,0,0,0,0,0,0,0,0,0,0,0,0,198,6098,0,0,0,0,0,0,0,0,0
20170522,1863,5590000,352,49,38,0,202,0,0,10000,2,0,0,0,0,0,0,150,0,1260,0,0,0,0,0,0,0,0,0,0,0,0,0,0,0,0,202,6222,0,0,0,0,0,0,0,0,0
20170523,1867,5601200,360,167,68,0,206,0,0,10000,2,0,0,0,0,0,0,153,0,1285,0,0,0,0,0,0,0,0,0,0,0,0,0,0,0,0,206,6345,0,0,0,0,0,0,0,0,0
20170524,1870,5611000,367,320,189,0,211,0,0,10000,2,0,0,0,0,0,0,157,0,1319,0,0,0,0,0,0,0,0,0,0,0,0,0,0,0,0,210,6468,0,0,0,0,0,0,0,0,0
20170525,1873,5619400,373,253,108,0,214,0,0,10000,2,0,0,0,0,0,0,160,0,1344,0,0,0,0,0,0,0,0,0,0,0,0,0,0,0,0,214,6591,0,0,0,0,0,0,0,0,0
20170526,1876,5627800,379,244,108,0,218,0,0,10000,2,0,0,0,0,0,0,162,0,1361,0,0,0,0,0,0,0,0,0,0,0,0,0,0,0,0,218,6714,0,0,0,0,0,0,0,0,0
20170527,1881,5641800,389,354,280,0,224,0,0,10000,2,0,0,0,0,0,0,166,0,1394,0,0,0,0,0,0,0,0,0,0,0,0,0,0,0,0,222,6838,0,0,0,0,0,0,0,0,0
20170528,1883,5648800,394,35,1,0,226,0,0,10000,2,0,0,0,0,0,0,168,0,1411,0,0,0,0,0,0,0,0,0,0,0,0,0,0,0,0,226,6961,0,0,0,0,0,0,0,0,0
20170529,1886,5658600,401,181,157,0,229,0,0,10000,2,0,0,0,0,0,0,172,0,1445,0,0,0,0,0,0,0,0,0,0,0,0,0,0,0,0,228,7022,0,0,0,0,0,0,0,0,0
20170530,1889,5668400,408,53,48,0,235,0,0,10000,2,0,0,0,0,0,0,174,0,1462,0,0,0,0,0,0,0,0,0,0,0,0,0,0,0,0,234,7207,0,0,0,0,0,0,0,0,0
20170531,1894,5681000,417,211,199,0,239,0,0,10000,2,0,0,0,0,0,0,178,0,1495,0,0,0,0,0,0,0,0,0,0,0,0,0,0,0,0,238,7330,0,0,0,0,0,0,0,0,0
20170601,1896,5688000,422,97,90,0,242,0,0,10000,2,0,0,0,0,0,0,180,0,1512,0,0,0,0,0,0,0,0,0,0,0,0,0,0,0,0,242,7454,0,0,0,0,0,0,0,0,0
20170602,1900,5699200,430,85,80,0,247,0,0,10000,2,0,0,0,0,0,0,184,0,1546,0,0,0,0,0,0,0,0,0,0,0,0,0,0,0,0,246,7577,0,0,0,0,0,0,0,0,0
20170603,1903,5709000,437,299,37,0,252,0,0,10000,2,0,0,0,0,0,0,187,0,1571,0,0,0,0,0,0,0,0,0,0,0,0,0,0,0,0,250,7700,0,0,0,0,0,0,0,0,0
20170604,1906,5717400,443,12,0,0,255,0,0,10000,2,0,0,0,0,0,0,189,0,1588,0,0,0,0,0,0,0,0,0,0,0,0,0,0,0,0,254,7823,0,0,0,0,0,0,0,0,0
20170605,1910,5728600,451,240,86,0,258,0,0,10000,2,0,0,0,0,0,0,193,0,1621,0,0,0,0,0,0,0,0,0,0,0,0,0,0,0,0,258,7946,0,0,0,0,0,0,0,0,0
20170606,1912,5737000,457,153,116,0,261,0,0,10000,2,0,0,0,0,0,0,196,0,1646,0,0,0,0,0,0,0,0,0,0,0,0,0,0,0,0,260,8008,0,0,0,0,0,0,0,0,0
20170607,1916,5746800,464,344,92,0,265,0,0,10000,2,0,0,0,0,0,0,199,0,1672,0,0,0,0,0,0,0,0,0,0,0,0,0,0,0,0,264,8131,0,0,0,0,0,0,0,0,0
20170608,1919,5758000,472,148,121,0,270,0,0,10000,2,0,0,0,0,0,0,202,0,1697,0,0,0,0,0,0,0,0,0,0,0,0,0,0,0,0,270,8316,0,0,0,0,0,0,0,0,0
20170609,1922,5766400,478,169,52,0,274,0,0,10000,2,0,0,0,0,0,0,205,0,1722,0,0,0,0,0,0,0,0,0,0,0,0,0,0,0,0,272,8378,0,0,0,0,0,0,0,0,0
20170610,1925,5776200,485,92,34,0,277,0,0,10000,2,0,0,0,0,0,0,208,0,1747,0,0,0,0,0,0,0,0,0,0,0,0,0,0,0,0,276,8501,0,0,0,0,0,0,0,0,0
20170611,1929,5786000,492,64,47,0,283,0,0,10000,2,0,0,0,0,0,0,210,0,1764,0,0,0,0,0,0,0,0,0,0,0,0,0,0,0,0,282,8686,0,0,0,0,0,0,0,0,0
20170612,1931,5793000,497,117,17,0,285,0,0,10000,2,0,0,0,0,0,0,213,0,1789,0,0,0,0,0,0,0,0,0,0,0,0,0,0,0,0,284,8747,0,0,0,0,0,0,0,0,0
20170613,1935,5805600,506,561,421,0,288,0,0,10000,2,0,0,0,0,0,0,217,0,1823,0,0,0,0,0,0,0,0,0,0,0,0,0,0,0,0,288,8870,0,0,0,0,0,0,0,0,0
20170614,1938,5815400,513,91,29,0,294,0,0,10000,2,0,0,0,0,0,0,219,0,1840,0,0,0,0,0,0,0,0,0,0,0,0,0,0,0,0,292,8994,0,0,0,0,0,0,0,0,0
20170615,1942,5826600,521,6,2,0,299,0,0,10000,2,0,0,0,0,0,0,222,0,1865,0,0,0,0,0,0,0,0,0,0,0,0,0,0,0,0,298,9178,0,0,0,0,0,0,0,0,0
20170616,1945,5836400,528,263,152,1493333,303,0,0,10000,2,0,0,0,0,0,0,225,0,1890,0,0,0,0,0,0,0,0,0,0,0,0,0,0,0,0,302,9302,0,0,0,0,0,0,0,0,0
20170617,1949,5846200,535,575,59,1493333,306,0,0,10000,2,0,0,0,0,0,0,229,0,1924,0,0,0,0,0,0,0,0,0,0,0,0,0,0,0,0,306,9425,0,0,0,0,0,0,0,0,0
20170618,1952,5854600,541,27,5,1493333,311,0,0,10000,2,0,0,0,0,0,0,231,0,1940,0,0,0,0,0,0,0,0,0,0,0,0,0,0,0,0,310,9548,0,0,0,0,0,0,0,0,0
20170619,1955,5864400,548,331,243,1493333,313,0,0,10000,2,1000,417.2857143,640000,113.8571429,0,0,689,0,5788,0,0,0,0,0,0,0,0,0,0,0,0,0,0,0,0,312,9610,0,0,0,0,0,0,0,0,0
20170620,1959,5875600,556,454,81,1493333,319,0,0,10000,2,1000,417.2857143,640000,113.8571429,0,0,689,0,5788,0,0,0,0,0,0,0,0,0,0,0,0,0,0,0,0,318,9794,0,0,0,0,0,0,0,0,0
20170621,1961,5884000,562,281,269,1493333,321,0,0,10000,2,1000,417.2857143,640000,113.8571429,0,0,689,0,5788,0,0,0,0,0,0,0,0,0,0,0,0,0,0,0,0,320,9856,0,0,0,0,0,0,0,0,0
20170622,1965,5895200,570,295,170,1493333,327,0,0,10000,2,1000,417.2857143,640000,113.8571429,0,0,689,0,5788,0,0,0,0,0,0,0,0,0,0,0,0,0,0,0,0,326,10041,0,0,0,0,0,0,0,0,0
20170623,1968,5903600,576,162,66,1493333,329,0,0,10000,2,1000,417.2857143,640000,113.8571429,0,0,689,0,5788,0,0,0,0,0,0,0,0,0,0,0,0,0,0,0,0,328,10102,0,0,0,0,0,0,0,0,0
20170624,1972,5914800,584,454,98,0,335,0,0,10000,2,1000,417.2857143,640000,113.8571429,0,0,689,0,5788,0,0,0,0,0,0,0,0,0,0,0,0,0,0,0,0,334,10287,0,0,0,0,0,0,0,0,0
20170625,1975,5924600,591,35,18,0,339,0,0,10000,2,1000,417.2857143,640000,113.8571429,0,0,689,0,5788,0,0,0,0,0,0,0,0,0,0,0,0,0,0,0,0,338,10410,0,0,0,0,0,0,0,0,0
20170626,1978,5933000,597,22,21,0,341,0,0,10000,2,0,0,0,0,0,0,255,0,2142,0,0,0,0,0,0,0,0,0,0,0,0,0,0,0,0,340,10472,0,0,0,0,0,0,0,0,0
20170627,1981,5944200,605,135,102,0,346,0,0,10000,2,0,0,0,0,0,0,259,0,2176,0,0,0,0,0,0,0,0,0,0,0,0,0,0,0,0,346,10657,0,0,0,0,0,0,0,0,0
20170628,1985,5954000,612,85,70,0,350,0,0,10000,2,0,0,0,0,0,0,262,0,2201,0,0,0,0,0,0,0,0,0,0,0,0,0,0,0,0,350,10780,0,0,0,0,0,0,0,0,0
20170629,1988,5965200,620,138,48,0,355,0,0,10000,2,0,0,0,0,0,0,265,0,2226,0,0,0,0,0,0,0,0,0,0,0,0,0,0,0,0,354,10903,0,0,0,0,0,0,0,0,0
20170630,1992,5975000,627,39,32,0,359,0,0,10000,2,0,0,0,0,0,0,267,0,2243,0,0,0,0,0,0,0,0,0,0,0,0,0,0,0,0,358,11026,0,0,0,0,0,0,0,0,0
20170701,1994,5983400,633,202,32,0,363,0,0,10000,2,0,0,0,0,0,0,270,0,2268,0,0,0,0,0,0,0,0,0,0,0,0,0,0,0,0,362,11150,0,0,0,0,0,0,0,0,0
20170702,1997,5991800,639,86,19,0,366,0,0,10000,2,0,0,0,0,0,0,274,0,2302,0,0,0,0,0,0,0,0,0,0,0,0,0,0,0,0,366,11273,0,0,0,0,0,0,0,0,0
20170703,2001,6003000,647,344,139,0,371,0,0,10000,2,600,384.7142857,640000,0,0,0,276,0,2318,0,0,0,0,0,0,0,0,0,0,0,0,0,0,0,0,370,11396,0,0,0,0,0,0,0,0,0
20170704,2003,6010000,652,80,22,0,373,0,0,10000,2,600,384.7142857,640000,0,0,0,279,0,2344,0,0,0,0,0,0,0,0,0,0,0,0,0,0,0,0,372,11458,0,0,0,0,0,0,0,0,0
20170705,2008,6022600,661,77,1,0,378,0,0,10000,2,600,384.7142857,640000,0,0,0,282,0,2369,0,0,0,0,0,0,0,0,0,0,0,0,0,0,0,0,378,11642,0,0,0,0,0,0,0,0,0
20170706,2010,6029600,666,290,55,0,381,0,0,10000,2,600,384.7142857,640000,0,0,0,286,0,2402,0,0,0,0,0,0,0,0,0,0,0,0,0,0,0,0,380,11704,0,0,0,0,0,0,0,0,0
20170707,2014,6042200,675,307,66,0,386,0,0,10000,2,600,384.7142857,640000,0,0,0,289,0,2428,0,0,0,0,0,0,0,0,0,0,0,0,0,0,0,0,384,11827,0,0,0,0,0,0,0,0,0
20170708,2016,6049200,680,291,226,0,389,0,0,10000,2,600,384.7142857,640000,0,0,0,292,0,2453,0,0,0,0,0,0,0,0,0,0,0,0,0,0,0,0,388,11950,0,0,0,0,0,0,0,0,0
20170709,2020,6060400,688,57,38,0,394,0,0,10000,2,600,384.7142857,640000,0,0,0,294,0,2470,0,0,0,0,0,0,0,0,0,0,0,0,0,0,0,0,394,12135,0,0,0,0,0,0,0,0,0
20170710,2023,6070200,695,215,104,0,398,0,0,10000,2,0,0,0,0,0,0,298,0,2503,0,0,0,0,0,0,0,0,0,0,0,0,0,0,0,0,398,12258,0,0,0,0,0,0,0,0,0
20170711,2027,6080000,702,831,143,0,402,0,0,10000,2,0,0,0,0,0,0,300,0,2520,0,0,0,0,0,0,0,0,0,0,0,0,0,0,0,0,402,12382,0,0,0,0,0,0,0,0,0
20170712,2030,6089800,709,245,50,0,406,0,0,10000,2,0,0,0,0,0,0,304,0,2554,0,0,0,0,0,0,0,0,0,0,0,0,0,0,0,0,404,12443,0,0,0,0,0,0,0,0,0
20170713,2033,6098200,715,4,2,0,409,0,0,10000,2,0,0,0,0,0,0,307,0,2579,0,0,0,0,0,0,0,0,0,0,0,0,0,0,0,0,408,12566,0,0,0,0,0,0,0,0,0
20170714,2037,6112200,725,784,383,0,416,0,0,10000,2,0,0,0,0,0,0,309,0,2596,0,0,0,0,0,0,0,0,0,0,0,0,0,0,0,0,414,12751,0,0,0,0,0,0,0,0,0
20170715,2039,6116400,728,720,524,0,416,0,0,10000,2,0,0,0,0,0,0,312,0,2621,0,0,0,0,0,0,0,0,0,0,0,0,0,0,0,0,416,12813,0,0,0,0,0,0,0,0,0
20170716,2043,6130400,738,60,15,0,423,0,0,10000,2,0,0,0,0,0,0,316,0,2654,0,0,0,0,0,0,0,0,0,0,0,0,0,0,0,0,422,12998,0,0,0,0,0,0,0,0,0
20170717,2047,6140200,745,440,75,0,427,0,0,10000,2,0,0,0,0,0,0,319,0,2680,0,0,0,0,0,0,0,0,0,0,0,0,0,0,0,0,426,13121,0,0,0,0,0,0,0,0,0
20170718,2050,6148600,751,282,11,0,429,0,0,10000,2,0,0,0,0,0,0,322,0,2705,0,0,0,0,0,0,0,0,0,0,0,0,0,0,0,0,428,13182,0,0,0,0,0,0,0,0,0
20170719,2053,6159800,759,492,232,0,435,0,0,10000,2,0,0,0,0,0,0,324,0,2722,0,0,0,0,0,0,0,0,0,0,0,0,0,0,0,0,434,13367,0,0,0,0,0,0,0,0,0
20170720,2056,6166800,764,28,20,0,437,0,0,10000,2,0,0,0,0,0,0,327,0,2747,0,0,0,0,0,0,0,0,0,0,0,0,0,0,0,0,436,13429,0,0,0,0,0,0,0,0,0
20170721,2060,6179400,773,198,135,0,443,0,0,10000,2,0,0,0,0,0,0,330,0,2772,0,0,0,0,0,0,0,0,0,0,0,0,0,0,0,0,442,13614,0,0,0,0,0,0,0,0,0
20170722,2063,6189200,780,318,301,0,447,0,0,10000,2,0,0,0,0,0,0,333,0,2797,0,0,0,0,0,0,0,0,0,0,0,0,0,0,0,0,446,13737,0,0,0,0,0,0,0,0,0
20170723,2065,6196200,785,23,4,0,449,0,0,10000,2,0,0,0,0,0,0,336,0,2822,0,0,0,0,0,0,0,0,0,0,0,0,0,0,0,0,448,13798,0,0,0,0,0,0,0,0,0
20170724,2070,6208800,794,612,57,0,454,0,0,10000,2,0,0,0,0,0,0,340,0,2856,0,0,0,0,0,0,0,0,0,0,0,0,0,0,0,0,454,13983,0,0,0,0,0,0,0,0,0
20170725,2073,6218600,801,312,124,0,459,0,0,10000,2,0,0,0,0,0,0,342,0,2873,0,0,0,0,0,0,0,0,0,0,0,0,0,0,0,0,458,14106,0,0,0,0,0,0,0,0,0
20170726,2076,6227000,807,452,119,0,462,0,0,10000,2,0,0,0,0,0,0,346,0,2906,0,0,0,0,0,0,0,0,0,0,0,0,0,0,0,0,460,14168,0,0,0,0,0,0,0,0,0
20170727,2080,6239600,816,496,210,0,466,0,0,10000,2,0,0,0,0,0,0,349,0,2932,0,0,0,0,0,0,0,0,0,0,0,0,0,0,0,0,466,14353,0,0,0,0,0,0,0,0,0
20170728,2083,6248000,822,76,19,840000,470,0,0,10000,2,0,0,0,0,0,0,352,0,2957,0,0,0,0,0,0,0,0,0,0,0,0,0,0,0,0,470,14476,0,0,0,0,0,0,0,0,0
20170729,2085,6255000,827,549,84,840000,473,0,0,10000,2,0,0,0,0,0,0,354,0,2974,0,0,0,0,0,0,0,0,0,0,0,0,0,0,0,0,472,14538,0,0,0,0,0,0,0,0,0
20170730,2088,6264800,834,12,8,840000,477,0,0,10000,2,0,0,0,0,0,0,357,0,2999,0,0,0,0,0,0,0,0,0,0,0,0,0,0,0,0,476,14661,0,0,0,0,0,0,0,0,0
20170731,2092,6276000,842,323,152,840000,483,0,0,10000,2,0,0,0,0,0,0,360,0,3024,0,0,0,193.7154781,46437.08404,428614.2857,0,0,0,0,0,0,0,0,0,0,482,14846,0,0,0,0,0,0,0,0,0
20170801,2095,6285800,849,74,31,840000,486,0,0,10000,2,0,0,0,0,0,0,363,0,3049,0,0,0,193.7154781,46437.08404,428614.2857,0,0,0,0,0,0,0,0,0,0,486,14969,0,0,0,0,0,0,0,0,0
20170802,2098,6294200,855,122,23,840000,489,0,0,10000,2,0,0,0,0,0,0,366,0,3074,0,0,0,193.7154781,46437.08404,428614.2857,0,0,0,0,0,0,0,0,0,0,488,15030,0,0,0,0,0,0,0,0,0
20170803,2101,6304000,862,372,320,840000,493,0,0,10000,2,0,0,0,0,0,0,369,0,3100,0,0,0,193.7154781,46437.08404,428614.2857,0,0,0,0,0,0,0,0,0,0,492,15154,0,0,0,0,0,0,0,0,0
20170804,2106,6318000,872,514,279,840000,499,0,0,10000,2,0,0,0,0,0,0,373,0,3133,0,0,0,193.7154781,46437.08404,428614.2857,0,0,0,0,0,0,0,0,0,0,498,15338,0,0,0,0,0,0,0,0,0
20170805,2109,6327800,879,74,26,840000,504,0,0,10000,2,0,0,0,0,0,0,376,0,3158,0,0,0,193.7154781,46437.08404,428614.2857,0,0,0,0,0,0,0,0,0,0,502,15462,0,0,0,0,0,0,0,0,0
20170806,2112,6334800,884,20,9,840000,506,0,0,10000,2,0,0,0,0,0,0,378,0,3175,0,0,0,193.7154781,46437.08404,428614.2857,0,0,0,0,0,0,0,0,0,0,506,15585,0,0,0,0,0,0,0,0,0
20170807,2115,6344600,891,31,10,840000,510,0,0,10000,2,0,0,0,0,0,0,381,0,3200,0,0,0,0,0,0,0,0,0,0,0,0,0,0,0,0,510,15708,0,0,0,0,0,0,0,0,0
20170808,2119,6357200,900,242,206,840000,515,0,0,10000,2,0,0,0,0,0,0,385,0,3234,0,0,0,0,0,0,0,0,0,0,0,0,0,0,0,0,514,15831,0,0,0,0,0,0,0,0,0
20170809,2121,6364200,905,366,62,840000,518,0,0,10000,2,0,0,0,0,0,0,388,0,3259,0,0,0,0,0,0,0,0,0,0,0,0,0,0,0,0,516,15893,0,0,0,0,0,0,0,0,0
20170810,2125,6374000,912,497,24,840000,521,0,0,10000,2,0,0,0,0,0,0,391,0,3284,0,0,0,0,0,0,0,0,0,0,0,0,0,0,0,0,520,16016,0,0,0,0,0,0,0,0,0
20170811,2127,6381000,917,125,82,840000,524,0,0,10000,2,0,0,0,0,0,0,393,0,3301,0,0,0,0,0,0,0,0,0,0,0,0,0,0,0,0,524,16139,0,0,0,0,0,0,0,0,0
20170812,2132,6395000,927,67,20,840000,530,0,0,10000,2,0,0,0,0,0,0,397,0,3335,0,0,0,0,0,0,0,0,0,0,0,0,0,0,0,0,530,16324,0,0,0,0,0,0,0,0,0
20170813,2134,6403400,933,22,4,840000,533,0,0,10000,2,0,0,0,0,0,0,400,0,3360,0,0,0,0,0,0,0,0,0,0,0,0,0,0,0,0,532,16386,0,0,0,0,0,0,0,0,0
20170814,2139,6416000,942,448,115,0,539,0,0,10000,2,0,0,0,0,0,0,402,0,3377,0,0,0,0,0,0,0,0,0,185,10068,106966.25,18,36418,101000,708867,538,16570,384884,1392,67375,39323,310,19197.5,39152,88,19051.25
20170815,2141,6423000,947,344,130,0,542,0,0,10000,2,0,0,0,0,0,0,405,0,3402,0,0,0,0,0,0,0,0,0,183,10068,114505,31,36660,101000,684557,542,16694,342719,1560,67228.16458,81726,732,44487.5,88854,255,44202.5
20170816,2144,6432800,954,148,16,0,546,0,0,10000,2,0,0,0,0,0,0,409,0,3436,0,0,0,0,0,0,0,0,0,214,11425,117317.5,14,35515,101000,704782,544,16755,491636,1684,80133.67406,75159,762,54908.75,42257,158,19286.25
20170817,2147,6441200,960,427,77,0,549,0,0,10000,2,0,0,0,0,0,0,411,0,3452,0,0,0,0,0,0,0,0,0,216,11258,115897.5,9,33714,101000,652236,548,16878,451921,1459,80750,90233,998,73362.5,41222,133,18188.75
20170818,2151,6453800,969,148,147,0,554,0,0,10000,2,0,0,0,0,0,0,414,0,3478,0,0,0,0,0,0,0,0,0,50,2106,34088,6,33163,101000,496979,554,17063,871798,2729,161875,89052,882,53787.5,36391,111,14332.5
20170819,2154,6462200,975,641,43,0,557,0,0,10000,2,0,0,0,0,0,0,418,0,3511,0,0,0,0,0,0,0,0,0,24,1405,16996.25,13,35148,101000,519067,556,17125,944346,2740,161795.2527,76440,647,35110,20766,74,8807.5
20170820,2158,6474800,984,65,59,0,563,0,0,10000,2,0,0,0,0,0,0,420,0,3528,0,0,0,0,0,0,0,0,0,19,911,11182.5,8,35014,101000,492577,562,17310,874960,2568,161875,64359,550,36716.25,23538,85,9138.75
20170821,2162,6484600,991,367,123,0,568,0,0,10000,2,0,0,0,0,0,0,424,0,3562,0,0,0,0,0,0,0,0,0,23,1052,20277.5,4,22371,68782.11016,700614,566,17433,967724,2516,161875,70679,517,35317.5,26112,99,9132.5
20170822,2164,6491600,996,671,74,0,570,0,0,10000,2,0,0,0,0,0,0,426,0,3578,0,0,0,0,0,0,0,0,0,15,974,18612.5,3,10972,28750,496284,570,17556,1047159,2461,161875,84778,698,36900,25468,83,9127.5
20170823,2168,6502800,1004,95,59,0,575,0,0,10000,2,0,0,0,0,0,0,430,0,3612,0,0,0,0,0,0,0,0,0,22,994,16341.25,0,11145,28760.3293,519085,574,17679,1123042,2458,161875,87947,721,36700,26727,90,9126.25
20170824,2170,6509800,1009,35,25,0,577,0,0,10000,2,0,0,0,0,0,0,433,0,3637,0,0,0,0,0,0,0,0,0,21,1038,16373.75,1,9828,29214.98139,472809,576,17741,1095020,2357,163012.5737,85453,740,36713,27253,68,8898.75
20170825,2174,6522400,1018,294,130,0,583,0,0,10000,2,0,0,0,0,0,0,436,0,3662,0,0,0,0,0,0,0,0,0,24,650,7242.5,6,16603,150154.5741,593527,582,17926,845486,2082,250130.9548,31605,292,13596,11629,26,3076
20170826,2177,6530800,1024,347,121,0,585,0,0,10000,2,0,0,0,0,0,0,439,0,3688,0,0,0,0,0,0,0,0,0,0,0,0,0,0,0,0,584,17987,0,0,0,0,0,0,0,0,0
20170827,2180,6540600,1031,13,0,0,590,0,0,10000,2,0,0,0,0,0,0,441,0,3704,0,0,0,0,0,0,0,0,0,0,0,0,0,0,0,0,590,18172,0,0,0,0,0,0,0,0,0
20170828,2184,6551800,1039,384,294,0,594,0,0,10000,2,0,0,0,0,0,0,445,0,3738,0,0,0,0,0,0,0,0,0,0,0,0,0,0,0,0,594,18295,0,0,0,0,0,0,0,0,0
20170829,2187,6560200,1045,138,30,0,598,0,0,10000,2,0,0,0,0,0,0,448,0,3763,0,0,0,0,0,0,0,0,0,0,0,0,0,0,0,0,598,18418,0,0,0,0,0,0,0,0,0
20170830,2190,6571400,1053,36,7,0,602,0,0,10000,2,0,0,0,0,0,0,451,0,3788,0,0,0,0,0,0,0,0,0,0,0,0,0,0,0,0,602,18542,0,0,0,0,0,0,0,0,0
20170831,0,0,0,0,0,0,608,0,0,10000,2,0,0,0,0,0,0,453,0,3805,0,0,0,0,0,0,0,0,0,0,0,0,0,0,0,0,606,18665,0,0,0,0,0,0,0,0,0
20170901,0,0,0,0,0,0,611,0,0,10000,2,0,0,0,0,0,0,457,0,3839,0,0,0,0,0,0,0,0,0,0,0,0,0,0,0,0,305,9394,0,0,0,0,0,0,0,0,0
20170902,0,0,0,0,0,0,615,0,0,10000,2,0,0,0,0,0,0,460,0,3864,0,0,0,0,0,0,0,0,0,0,0,0,0,0,0,0,307,9456,0,0,0,0,0,0,0,0,0
20170903,0,0,0,0,0,0,618,0,0,10000,2,0,0,0,0,0,0,463,0,3889,0,0,0,0,0,0,0,0,0,0,0,0,0,0,0,0,309,9517,0,0,0,0,0,0,0,0,0
20170904,0,0,0,0,0,0,621,0,0,10000,2,0,0,0,0,0,0,465,0,3906,0,0,0,0,0,0,0,0,0,0,0,0,0,0,0,446040,310,9548,360079,1051,70250,22036,79,27133.75,83978,103,25002.5
20170905,0,0,0,0,0,0,626,0,0,10000,2,0,0,0,0,0,0,468,0,3931,0,0,0,0,0,0,0,0,0,0,0,0,0,0,0,517359,313,9640,419970,1003,70250,47686,204,67551.25,143357,199,61985
20170906,0,0,0,0,0,0,632,0,0,10000,2,0,0,0,0,0,0,471,0,3956,0,0,0,0,0,0,0,0,0,0,0,0,0,0,0,958911,315,9702,878585,1918,161239.1021,31433,136,46671.25,81480,137,39122.5
20170907,0,0,0,0,0,0,634,0,0,10000,2,0,0,0,0,0,0,474,0,3982,0,0,0,0,0,0,0,0,0,0,0,0,0,0,0,948629,317,9764,928721,1852,171666.9401,0,0,0,0,0,0
20170908,0,0,0,0,0,0,638,0,0,10000,2,0,0,0,0,0,0,478,0,4015,0,0,0,0,0,0,0,0,0,0,0,0,0,0,0,784114,319,9825,1170675,2269,211000,0,0,0,0,0,0
20170909,0,0,0,0,0,0,641,0,0,10000,2,0,0,0,0,0,0,480,0,4032,0,0,0,0,0,0,0,0,0,0,0,0,0,0,0,683597,321,9887,1011170,2220,212128.103,0,0,0,0,0,0
20170910,0,0,0,0,0,0,647,0,0,10000,2,0,0,0,0,0,0,484,0,4066,0,0,0,0,0,0,0,0,0,0,0,0,0,0,0,751473,323,9948,1106811,2215,217223.2338,0,0,0,0,0,0
20170911,0,0,0,0,0,0,650,0,0,10000,2,0,0,0,0,0,0,486,0,4082,0,0,0,0,0,0,0,0,0,0,0,0,0,0,0,0,325,10010,0,0,0,0,0,0,0,0,0
20170912,0,0,0,0,0,0,656,0,0,10000,2,0,0,0,0,0,0,489,0,4108,0,0,0,0,0,0,0,0,0,0,0,0,0,0,0,0,327,10072,0,0,0,0,0,0,0,0,0
20170913,0,0,0,0,0,0,658,0,0,10000,2,0,0,0,0,0,0,492,0,4133,0,0,0,0,0,0,0,0,0,0,0,0,0,0,0,0,329,10133,0,0,0,0,0,0,0,0,0
20170914,0,0,0,0,0,0,663,0,0,10000,2,0,0,0,0,0,0,496,0,4166,0,0,0,0,0,0,0,0,0,0,0,0,0,0,0,0,331,10195,0,0,0,0,0,0,0,0,0
20170915,0,0,0,0,0,0,668,0,0,10000,2,0,0,0,0,0,0,498,0,4183,0,0,0,0,0,0,0,0,0,0,0,0,0,0,0,0,333,10256,0,0,0,0,0,0,0,0,0
20170916,0,0,0,0,0,0,669,0,0,10000,2,0,0,0,0,0,0,502,0,4217,0,0,0,0,0,0,0,0,0,0,0,0,0,0,0,0,334,10287,0,0,0,0,0,0,0,0,0
20170917,0,0,0,0,0,0,675,0,0,10000,2,0,0,0,0,0,0,505,0,4242,0,0,0,0,0,0,0,0,0,0,0,0,0,0,0,0,337,10380,0,0,0,0,0,0,0,0,0
20170918,0,0,0,0,0,0,678,0,0,10000,2,0,0,0,0,0,0,507,0,4259,0,0,0,0,0,0,0,0,0,0,0,0,0,0,0,0,339,10441,0,0,0,0,0,0,0,0,0
20170919,0,0,0,0,0,0,682,0,0,10000,2,0,0,0,0,0,0,510,0,4284,0,0,0,0,0,0,0,0,0,0,0,0,0,0,0,0,341,10503,0,0,0,0,0,0,0,0,0
20170920,0,0,0,0,0,0,688,0,0,10000,2,0,0,0,0,0,0,513,0,4309,0,0,0,0,0,0,0,0,0,0,0,0,0,0,0,0,343,10564,0,0,0,0,0,0,0,0,0
20170921,0,0,0,0,0,0,689,0,0,10000,2,0,0,0,0,0,0,516,0,4334,0,0,0,0,0,0,0,0,0,0,0,0,0,0,0,0,344,10595,0,0,0,0,0,0,0,0,0
20170922,0,0,0,0,0,0,695,0,0,10000,2,0,0,0,0,0,0,520,0,4368,0,0,0,0,0,0,0,0,0,0,0,0,0,0,0,0,347,10688,0,0,0,0,0,0,0,0,0
20170923,0,0,0,0,0,0,700,0,0,10000,2,0,0,0,0,0,0,523,0,4393,0,0,0,0,0,0,0,0,0,0,0,0,0,0,0,0,349,10749,0,0,0,0,0,0,0,0,0
20170924,0,0,0,0,0,0,702,0,0,10000,2,0,0,0,0,0,0,526,0,4418,0,0,0,0,0,0,0,0,0,0,0,0,0,0,0,0,350,10780,0,0,0,0,0,0,0,0,0
20170925,0,0,0,0,0,0,705,0,0,10000,2,0,0,0,0,0,0,528,0,4435,0,0,0,0,0,0,0,0,0,0,0,0,0,0,0,0,352,10842,0,0,0,0,0,0,0,0,0
20170926,0,0,0,0,0,0,709,0,0,10000,2,0,0,0,0,0,0,532,0,4469,0,0,0,0,0,0,0,0,0,0,0,0,0,0,0,0,355,10934,0,0,0,0,0,0,0,0,0
20170927,0,0,0,0,0,0,715,0,0,10000,2,0,0,0,0,0,0,534,0,4486,0,0,0,0,0,0,0,0,0,0,0,0,0,0,0,0,357,10996,0,0,0,0,0,0,0,0,0
20170928,0,0,0,0,0,0,719,0,0,10000,2,0,0,0,0,0,0,537,0,4511,0,0,0,0,0,0,0,0,0,0,0,0,0,0,0,0,359,11057,0,0,0,0,0,0,0,0,0
20170929,0,0,0,0,0,0,723,0,0,10000,2,0,0,0,0,0,0,540,0,4536,0,0,0,0,0,0,0,0,0,0,0,0,0,0,0,0,361,11119,0,0,0,0,0,0,0,0,0
20170930,0,0,0,0,0,0,727,0,0,10000,2,0,0,0,0,0,0,543,0,4561,0,0,0,0,0,0,0,0,0,0,0,0,0,0,0,0,363,11180,0,0,0,0,0,0,0,0,0
20171001,0,0,0,0,0,0,731,0,0,10000,2,0,0,0,0,0,0,547,0,4595,0,0,0,0,0,0,0,0,0,0,0,0,0,0,0,0,365,11242,0,0,0,0,0,0,0,0,0
20171002,0,0,0,0,0,0,733,0,0,10000,2,0,0,0,0,0,0,550,0,4620,0,0,0,0,0,0,0,0,0,0,0,0,0,0,0,0,366,11273,0,0,0,0,0,0,0,0,0
20171003,0,0,0,0,0,0,739,0,0,10000,2,0,0,0,0,0,0,552,0,4637,0,0,0,0,0,0,0,0,0,0,0,0,0,0,0,0,369,11365,0,0,0,0,0,0,0,0,0
20171004,0,0,0,0,0,0,741,0,0,10000,2,0,0,0,0,0,0,555,0,4662,0,0,0,0,0,0,0,0,0,0,0,0,0,0,0,0,370,11396,0,0,0,0,0,0,0,0,0
20171005,0,0,0,0,0,0,746,0,0,10000,2,0,0,0,0,0,0,559,0,4696,0,0,0,0,0,0,0,0,0,0,0,0,0,0,0,0,372,11458,0,0,0,0,0,0,0,0,0
20171006,0,0,0,0,0,0,749,0,0,10000,2,0,0,0,0,0,0,561,0,4712,0,0,0,0,0,0,0,0,0,0,0,0,0,0,0,0,374,11519,0,0,0,0,0,0,0,0,0
20171007,0,0,0,0,0,0,754,0,0,10000,2,0,0,0,0,0,0,564,0,4738,0,0,0,0,0,0,0,0,0,0,0,0,0,0,0,0,376,11581,0,0,0,0,0,0,0,0,0
20171008,0,0,0,0,0,0,759,0,0,10000,2,0,0,0,0,0,0,568,0,4771,0,0,0,0,0,0,0,0,0,0,0,0,0,0,0,0,379,11673,0,0,0,0,0,0,0,0,0
20171009,0,0,0,0,0,0,758,0,0,10000,2,0,0,0,0,0,0,568,0,4771,0,0,0,0,0,0,0,0,0,0,0,0,0,0,0,0,379,11673,0,0,0,0,0,0,0,0,0
